address,name,price,square
,,,
小店长治路城市密码,可月付 南内环长治路城市密码 精装修 拎包入住 停车方便 采光好,2550,80O
,,,
小店亲贤佳地花园,亲贤北街 佳地花园精装6居室 居家 办公 会所都可 好房,12500,360O
,,,
小店平阳君怡,君怡创新城 豪装两居 实验 高新区 景观360 博雅书院,2500,100O
,,,
小店坞城省电建四公司亲贤小区,体育路 长风街 好房出租 单间599一月,599,20O
,,,
小店平阳飞云花园,亲贤街飞云国际 中行滨河一号豹城 全带空调全实木 繁华商业,4500,160O
,,,
杏花岭大东关太铁佳苑,大东关 太铁佳苑 全家具家电 大三居 府东 府西,2300,134O
,,,
小店长治路阳光地带,亲贤街长治路王府井 梅园百盛 茂业天地 阳光地带复式大平米,7500,260O
,,,
杏花岭五一路小北门机床厂宿舍,十八中高中部 想给孩子附近找房的 随时联系,1500,64O
,,,
万柏林千峰鸿峰东花园,南北通透采光好 拎包入住价格低 鸿峰东花园 出门就是快速路,2000,85O
,,,
小店长风鑫福华园,急租 龙堡街 职业技术学院 鑫福华园 精装三居 拎包入住,3200,143O
,,,
,,,
,,,
万柏林下元商圈太原万科蓝山,和平路 出行方便 生活圈成熟 拎包入住 精装修,2500,139O
,,,
迎泽桥东街ME时代,五一广场并州北路邮政大厦旁精装三居 三部空调 拎包住,3700,150O
,,,
万柏林千峰来福花园,新房出租 月付万水澜庭 和平公园 来福花园 两室 智能门锁,1900,91O
,,,
小店亲贤太原茂业天地,茂业天地 办公 精装 北美 体育西路 亲贤北街,6800,165O
,,,
杏花岭胜利街胜景天地,胜利街 胜景天地 精装两室 干净出租 可月付!,1950,95O
,,,
迎泽体育馆寇庄西路化肥厂宿舍,南内环 菜园街 寇庄西路 36号院 2居室 南北通透 家具家电齐全,1700,70O
,,,
万柏林漪汾漪汾苑,漪汾苑一室一厅南北房亮厅1200每月看上可商量,1200,50O
,,,
迎泽南内环铁一中宿舍,并州东街与建设南路交叉口步行到铁只需三2层干净南北房,1400,70O
,,,
小店长治路阳光银座,长风街长治路 阳光银座 精装两居 拎包入住 随时看房 交通便利,3200,100O
,,,
小店滨河东路长风小区,长风街 平阳路 平阳景苑旁 长风小区 精装两居 拎包入住 价格便宜,2300,85O
,,,
万柏林千峰大众宿舍,众纺路 千峰南路 大众社区 3居室 全家具 可月付,1500,90O
,,,
小店长风长风画卷,长风街体育西路长风画卷小区 办公精选复式结构。周边交通购物,3500,125O
,,,
小店南中环千禧锦绣苑,"千禧锦绣苑,精装三居两卫齐全,押一付一,南中环,体育路口",2900,136O
,,,
小店长治路新领地,长治路口新领地精装两室拎包入住,3000,93O
,,,
万柏林千峰大唐四季花园,千峰南路 大唐四季花园 精装修 绿化高 环境优美 交通便利,2500,150O
,,,
小店人民路康怡小区,昌盛街康怡小区人民路通达街,2200,100O
,,,
小店平阳君怡,平阳路 晋阳街 北美N1 地铁口 山西大医院 君怡小区 精装两居拎包,2400,75O
,,,
万柏林下元商圈太原万科蓝山,万科蓝山 5.1期 三居室 带家具家电出租 拎包入住,2500,122O
,,,
晋源义井义井佳园,租房 义井西街 义井家园三室家具家电齐全拎包住 随时看房,2550,130O
,,,
小店平阳御龙庭,亲贤街平阳路 北园街 北美新天地 御龙庭 精装3居 拎包住 月付,4500,130O
,,,
小店长风长风家园,建设南路 长风街 长风家园 万科紫台旁 交通便利拎包入住,2100,92O
,,,
晋源义井兰亭御湖城,长兴南街和平南路 华润 华城 化建大厦便民服务中心拎包入住,900,40O
,,,
迎泽朝阳街太原刚玉砂轮小区,服装城郝庄正街刚玉砂轮厂精装大三居出租拎包入住房东刚搬走好房,1800,80O
,,,
小店南中环千禧锦绣苑,"千禧锦绣苑,通宝后门,精装三居齐全,安静,干净",3300,135O
,,,
迎泽柳巷金湾小区,柳巷铜锣湾食品街金湾小区两居室空家可办公可住家拎包住停车方便,2450,88O
,,,
万柏林下元商圈中海・寰宇天下,新晋祠路 迎泽桥西 滨河西路 黄.金地段中海寰宇天下 汾河,4500,125O
,,,
万柏林迎泽西大街太原奥林匹克花园,奥林匹克花园 设施齐全 幼儿园较多 绿化多 环境好 交通便利,2500,103O
,,,
小店昌盛街坤泽十里城,押一付一通达街 坤泽十里城 欧式速配 纯朝南户型 户型很好,1900,100O
,,,
小店体育南路亲凤苑,体育西路长风大卖场旁 亲凤苑 精装1居随时看房,2000,50O
,,,
,,,
,,,
晋源晋祠格林花园,格林花园-9号楼 2室1厅1卫(个人),2250,110O
,,,
小店体育路山汽小区,"亲贤街体育路口,茂业,山汽小区,好房出租",2100,70O
,,,
小店真武路太原恒大绿洲,恒大绿洲真武路低价出租房子厨卫齐全家具齐全看房方便,2200,98O
,,,
迎泽水西关水西关农行宿舍,桃园路水西关 三室一厅 中间楼层 随时看房 诚心出租,2000,85O
,,,
小店并州南路富基翡翠郡,南内环华邦国际精装单间独立厨卫拎包入住,1400,40O
,,,
小店亲贤宏盛花园,可月付 建设南路西太堡街 宏盛花园 精装两居 拎包入住随时看,2500,98O
,,,
小店平阳王村统建宿舍,长治路王村南街 精装两居 家具齐全 随时看房,2000,"85O
            "
,,,
晋源义井兰亭御湖城,和平南路长兴南街义井西中环兰亭御湖城十六中,2000,83O
,,,
小店亲贤昌盛双喜城,豪不豪装你说了算 双喜城一居拎包入住 亲贤街建设路佳地花园旁,3200,55O
,,,
迎泽五一广场上官巷供销社宿舍,五一路 上官巷 师院附近 家具家电 拎包入住 看房方便,2200,56O
,,,
小店平阳紫竹苑小区,平阳路西一巷 紫竹院 2居随时看房,1600,60O
,,,
万柏林下元商圈太原万科蓝山,万科蓝山 精装大四居 低层临街适宜办公 和平南路长风街,3500,165O
,,,
小店学府街中辐院小区,可月付D学D府D街长治路中福院精装两居家私齐全南北通透,2500,72O
,,,
迎泽新建南路中铁三局宿舍,南海街中铁三居,3000,105O
,,,
迎泽青年路青年路东陵里电力单位房,青年路 五中附近柳巷 地理位置优越 可随时看房可月付,2000,75O
,,,
杏花岭五龙口山水庭院,府东龙腾苑 小区环境好 宜居 易办公,2333,120O
,,,
小店长风万科紫台,精装三居空家 带空调 di价出租 长风东街美特好旁 万科紫台,2800,100O
,,,
小店长治路阳光银座,长治路 阳光银座 精装两居室 拎包入住 附近北美 沃尔玛 48中,3333,90O
,,,
小店长治路嘉苑小区,"长治路,亲贤北街阳光地带旁,精 装单间,拎包入住",1600,40O
,,,
小店体育路晋龙捷泰宿舍,精装房两居空家出租 可配 太榆路长风东街 美特好边 晋龙捷泰,2200,95O
,,,
迎泽柳巷金地公馆,柳巷大南门成成金地公馆一居室看房方便拎包住,1700,60O
,,,
小店滨河东路汾河景观360,南中环街滨河东路十中旁 汾河景观360 精准2居随时看房,2500,100O
,,,
小店亲贤民生国际,租办公室 亲贤街民生国际 精装复式 可做培训办公 设施齐全交通便,2550,100O
,,,
迎泽桃园北路省建筑公司宿舍,新建路 迎泽大街 天龙附近 可合租 十五中 新西 水西关附近,1600,76O
,,,
万柏林千峰纺织苑,万柏林纺织苑拎包入住真实图片配套齐全交通便利看房方便,1700,81O
,,,
小店长治路新领地,长风街北美背后《新领地》朝南两居文华苑 阳光银座盘7.22新上房,3500,98O
,,,
晋源义井晋阳・峰Z,长风商务区晋阳峰Z格林花园南屯苑精装两居 拎包入住,2300,100O
,,,
小店长治路王村小区,好房子不等人 速度看过来 茂业附近 王 府 井 背后,1399,45O
,,,
晋源义井兰亭御湖城,和平南路 长兴南街义井十六中万柏林实验,2100,100O
,,,
,,,
,,,
迎泽双塔东西街玲珑琚,月付省并州东西街人民医院中正天街时代特区日报社玲珑琚精装拎包,2500,100O
,,,
小店亲贤亲贤街供电局宿舍,婚房好停车 亲贤街长治路 梅园百盛王福静 茂业供电局宿舍,2499,"98O
            "
,,,
万柏林下元商圈重机宿舍,万柏林重机宿舍拎包入住无物业费停车费周边配套齐全交通便利,1400,55O
,,,
晋源义井晋阳・峰Z,长风商务区化建大厦华晋阳 新政务大厅 精装两居 采光好 交通便利,950,35O
,,,
小店亲贤太原茂业天地,茂业天地165平精装办公房 美容 培训 行业不限 好房快来租吧,6800,165O
,,,
万柏林和平路省警校宿舍,省警校宿舍 千峰南路新庄北街 拎包入住 家具家电齐全,1499,50O
,,,
迎泽并州东西街清风小居,精装有空调并州东西街建设南路清风小区干休所起运一省人民医院,1800,70O
,,,
万柏林下元商圈太原万科蓝山,和平南路长风西大街 万科蓝山92平 精装两居2500月 拎包入住,2500,92O
,,,
小店长风半山国际,新上好房 精装两居 长风东街半山国际旁 长风MOMA手慢无,1400,80O
,,,
万柏林长风西大街西部丽景,田园风格 万科蓝山西部丽景 小区免费停车 和平公园月付,2000,86O
,,,
杏花岭府东府西府东美奥花苑,A可月付 大东关北辰明苑 精装全家具家电 可以洗澡,2100,140O
,,,
小店滨河东路汾河景观360,南中环 滨河东路清控创新基地 汾河景观360 殷家堡小区 精装2居,3000,98O
,,,
万柏林漪汾漪汾苑,漪汾街流碧园 交通便利 拎包入住,2100,89O
,,,
万柏林和平路太原国投国兴小区,长风西街 国投国兴小区 低价出租 随时看房 拎包入住家具家电全带,2400,117O
,,,
万柏林和平路前一万山,和平南路义井街 万柏林实验旁 精装两居干净整洁 带空调!!,1800,68O
,,,
晋源义井晋阳・峰Z,长风商务区化建大厦晋阳峰Z 精装两居 采光好 交通便利,1800,75O
,,,
杏花岭胜利街胜景天地,万达周边 胜利街 解放路 上北关 整租一居室 拎包住 可月付,1600,55O
,,,
小店亲贤昌盛双喜城,亲贤街并州路 昌盛双喜城 豪装1居随时看房,3000,50O
,,,
尖草坪胜利桥煤气化公司宿舍,胜利街 新建路 煤气化高层住房 两居室空家租两千 配全两千五,2500,90O
,,,
迎泽朝阳街晨光上东,朝阳街服装城精装修拎包入住家电齐全低价出租交通便利随时看房,2000,60O
,,,
万柏林迎泽西大街迎西佳园,迎泽西大街 居然之家 临街高层大2室 空家 租办公 年付 交通便利,1666,126O
,,,
杏花岭五一路小北门税务局宿舍,五一路北大街口 精装三居 全家具家电 拎包入住,1800,105O
,,,
小店南中环华鼎泰富,客厅 平阳路 华鼎泰富 精装修两用 环境优美,3333,150O
,,,
小店亲贤佳地花园,佳地花园 空家办公美容会所 壁纸精装四居双卫 亲贤街茂业周边,5000,260O
,,,
万柏林长风西大街厚德祥远见,千峰南路 长风西街 厚德远见小区 精装单间 拎包即住,799,30O
,,,
小店长治路山西世贸中心,看整组可分租 世贸中心 总共110平米 天美凯宾长风 繁,2000,55O
,,,
万柏林和平路义井佳园琳珑苑,长风街 西中环 义井租房琳珑苑 精装两室婚房拎包住,2200,99O
,,,
小店长治路龙兆远景,亲贤街长治路龙兆远景 精装两居 拎包入住 交通便利 采光好,2400,80O
,,,
小店学府街中辐院小区,可月付D学D府D街长治路中福院精装两居家私齐全南北通透,2500,72O
,,,
,,,
,,,
杏花岭小东门炼油厂宿舍,同城路与坝陵北街交叉口 短租 可半年付随时可看房,1500,64O
,,,
万柏林下元商圈太原万科蓝山,万科蓝山 5.1期 三居室 带家具家电出租 拎包入住,2500,122O
,,,
小店太榆路太原万科城,万科城 太榆路南中环街 太原南站 精装大三居 迎宾汽车站,2700,120O
,,,
小店并州南路百桐园,好消息 租房送露台 可月付 百桐园 精装一居 亲贤街茂业周边,1900,40O
,,,
小店体育南路坞城世纪花园,"长风街 体育路 开元市场旁边 坞城世纪花园 精装大三居,拎包入住",3200,120O
,,,
小店真武路太原恒大绿洲,恒大绿洲西区商业街 可居住办 公位置优 恒大影城旁 三居空家,3000,100O
,,,
小店平阳君怡,高新区晋阳街省实验 华鼎泰富 君怡小区精装三居,2900,120O
,,,
迎泽柳巷铜锣湾宝地小区,柳巷铜锣湾府东街五一路宝坻小区两居室全家具家电拎包住,2500,80O
,,,
小店长风财贸学校宿舍,低价出租 长风街 学-府-街 财贸宿舍 精装三居 住家拎包入住,2500,80O
,,,
小店昌盛街坤泽十里城,坤泽十里城低价出租安全,750,35O
,,,
迎泽南内环铁一中宿舍,铁一中宿舍 家具家电齐全 随时看房 三层 教室附近,1600,41O
,,,
小店长风汉唐官邸,亲贤体育路 茂业天地旁 汉唐官邸 三室两卫 支持月付 随时入住,3500,165O
,,,
小店长风长风画卷,长风大街 长风画卷 地理位置好 适合办公 美容 婚纱摄影,3333,120O
,,,
小店平阳育翠苑,租房子 平阳路西一巷 育翠苑 精装三居 灵活,2500,100O
,,,
迎泽朝阳街晨光上东,朝阳街服装城双塔北路南沙河精装修拎包入住低价出租交通便利,1800,60O
,,,
小店长风富豪大厦,长风街和信旁边 精装空家 住商均可 停车便利 高层飘窗景观,4300,160O
,,,
小店人民路世纪花园,人民路北路交通方便随时看房小区环境干净周边配套齐全,1666,130O
,,,
迎泽文庙山佑巷国土资源厅宿舍,"租的放心,住的安心",2500,96O
,,,
小店亲贤佳地花园,茂业天地 亲贤街体育路 佳地花园 精装3居 空家会所办公 月付,4600,166O
,,,
万柏林下元商圈太原万科蓝山,一层带小院!万科物业直租 万科蓝山 长风街 和平路复式一层毛坯,7000,300O
,,,
小店长治路阳光银座,出租 精装 阳光银座 长风街长治路平阳路 君威平阳景苑北美,3000,80O
,,,
小店北营颐龙佳园,龙城2011 新庄小区 小吴社区 颐龙佳园 精装大两居 家具家电齐全,2000,105O
,,,
杏花岭北大街北大街东社区,五一路北大街东社区 装修不错 家电齐全 拎包入住,1250,45O
,,,
迎泽柳巷金湾小区,柳巷 开化寺 食品街 金湾小区 家具家电 拎包入住 看房方便,2600,109O
,,,
晋源义井兰亭御湖城,兰亭御湖城东区精装两室 家具家电齐全 南北通透 随时看房,2250,91O
,,,
杏花岭五龙口山水庭院,府东龙腾苑 小区环境好 宜居 易办公,2333,120O
,,,
万柏林下元商圈太原万科蓝山,长风西大街 万科蓝山精装两居富力旁 拎包入住 有钥匙可看房,2500,86O
,,,
小店滨河东路汾河景观360,南中环 滨河东路清控创新基地 汾河景观360 殷家堡小区 精装2居,3000,98O
,,,
迎泽双塔东西街东港嘉园,精装婚房双塔东西街东岗路省人民医院并州东街东港家园 随时看房,2000,65O
,,,
,,,
,,,
万柏林漪汾漪汾苑小区,漪汾苑红叶里 精装 拎包入住 大两居 外国语 南北通透 年付,2300,80O
,,,
小店南中环华鼎泰富,平阳路 君怡小区 两居齐全 拎包入住,2599,90O
,,,
小店并州南路太阳小区,南内环东岗路口美特好背后温馨次卧出租,600,30O
,,,
迎泽双塔东西街邮电双东小区,月付 精装三居双塔东街时代特区双东邮电郦苑国际省人民医院,2800,110O
,,,
小店长风长风家园,太榆路 长风东街 建设南路口 美特好旁 长风家园 精装两居,2000,100O
,,,
晋源义井义井化二建宿舍,万柏林化二建小区南北通透交通便利层次,1500,69O
,,,
小店体育路山汽小区,亲贤北街体育路东南角山汽小区茂业附近 三居室可合租 员工宿舍,2200,90O
,,,
晋源义井义井佳园,西中环 义井街 和平路 义井佳园 长风新城 三居室 空家 精装,2000,117O
,,,
小店长治路阳光银座,店长 长治路长风街阳光银座正规两室豪装拎包入住房出,2900,98O
,,,
小店坞城农科院宿舍,体育路 龙城北街 恒大翡翠华庭 精装三居空家 农科新城,2500,130O
,,,
杏花岭建设北路铁路宿舍,城坊东街铁路宿舍两居室好房子出租,1500,60O
,,,
万柏林千峰后王小区,可月付 大王路美特好超市 美林湾小区 精装主卧 带阳台,1200,40O
,,,
万柏林和平路前一万山,长风西大街 和平南路 前一万山 两室 拎包即住,1500,60O
,,,
小店平阳太原保利香槟国际,月付0押金!龙城大街旁 保利香槟国际!首开国风!!,2699,"120O
            "
,,,
小店长治路阳光银座,长风街长治路北美新天地阳光银座精装两居好房出租,2500,80O
,,,
万柏林长风西大街万科金域国际,万柏林区 长风西街 万科金域国际 精装3居室 南北通透 品牌家具家,3500,142O
,,,
迎泽双塔东西街中正悦湾,价格面议 省人民医院双塔街东岗路并州路青年路南内环体育路,1800,37O
,,,
万柏林千峰西岸,长风西街 千峰南路 和平公园 润景原著 西岸 精装南北两居,2200,90O
,,,
万柏林迎泽西大街华清小区 闫家沟小区,迎泽西大街 西矿街 十二局 闫家沟华清苑 3室2卫 齐全,2500,130O
,,,
小店长风长风画卷,"长风画卷,豪装大两居齐全,长风街,长治路口,采光好",3300,120O
,,,
万柏林千峰西岸,急租!西岸小区 近千峰南路 长风西街 精装两居 全家具家电,2250,89O
,,,
万柏林下元商圈太原万科蓝山,万科蓝山 精装3居室 南北通透 采光好 看房方便,2500,"139O
            "
,,,
小店长风万科紫台,新上精装两居A房 小店太榆路 长风东街 美特好旁 万科紫台,3300,93O
,,,
小店长风红源国际青年城,租房子建设南路太堡街中正花园旁瑞生丽园旁红源国际两室押一付一,2500,96O
,,,
小店并州南路第二变压器厂宿舍,亲贤街并州路 茂业天地 第二变压宿舍 精装1居 拎包月付,1600,50O
,,,
小店南中环文锦世家,整租晋阳街体育路南中环恒大华府北美N1文锦世家独立两居,2099,102O
,,,
小店滨河东路长风小区,长风街平阳路 长风小区 2居随时看房,1900,80O
,,,
小店平阳恒实平阳景苑,长风街 和信 君威背后 金郡小区 平阳景苑精装两室 随时看房,2300,75O
,,,
迎泽双塔东西街东港嘉园,东港家园 新装修 家具家电齐全 随时看房 全新装修,2300,85O
,,,
,,,
,,,
万柏林千峰西岸,千峰南路 西岸小区 大三居 交通便利 低价出租,2400,"130O
            "
,,,
小店人民路小店粮食局宿舍,"人民路,有公交,有地,有学校,出行购物便捷",1500,90O
,,,
小店长治路新城市花园,南内环亲贤街长治路 金业集团 新城市花园 精装1居 月付,2300,54O
,,,
小店人民路浦东雅典,浦东雅典精装1居室家具家电齐全真实图片,1800,60O
,,,
小店经济技术开发区中铁十七局建筑公司家属楼,中铁十七局家属楼十七局医院,1200,65O
,,,
小店人民路小店粮食局宿舍,粮食局宿舍 90平米 一个月1500,1500,90O
,,,
小店平阳君怡,晋阳街 平阳路 君怡小区 博雅书院 山西运管 精装两居 山西大医院,2500,110O
,,,
万柏林千峰郡宇万象城,万柏林万象城精装房办公住家两用交通便利南北通透,2300,142O
,,,
小店亲贤宏盛花园,可月付 建设的南路 太堡街 宏盛花园精装两居 可随时拎包看,2500,98O
,,,
小店人民路阳光揽胜,小店区人民南路浦东雅典旁阳光揽胜带家具低价出租,1500,83O
,,,
小店南中环南中环北张小区,晋阳街《3居豪华装修》北张小区附近 带空调 南北通透 可长租,3599,130O
,,,
小店长风龙鼎花园,新上温馨大三居 小店长风东街 万科紫台旁 龙鼎花园 停车方便,2350,140O
,,,
迎泽并州北路太原师范学院宿舍,可月付 南内环南三巷师范公寓宿舍 精装两居 拎包入住 停车方便,2900,97O
,,,
迎泽双塔东西街东港嘉园,整租丨空家可办公可住家并州东街东岗路省人民医院附近东港嘉园,1700,75O
,,,
万柏林千峰来福花园,南内环西街千峰路 和平公园 紧凑2居室 全壁纸 全家具家电,1750,75O
,,,
迎泽双塔东西街东港嘉园,月付三室两卫双塔东西街省人民医院日报社东港家园可配齐家电,2750,106O
,,,
小店人民路华荣小区,人民北路华荣小区出行方便可月付,1400,103O
,,,
晋源义井太药D小区,长风西大街 和平南路 太药D小区 采光好 拎包即住,1666,100O
,,,
小店昌盛街牛奶厂宿舍,汾东南路小店区一中小店区人民医院佳欣尚品汇丰国际,1500,90O
,,,
小店长风万科紫台,小店 太榆路 长风东街 美特好旁 万科紫台 温馨三居 采光棒,3500,100O
,,,
迎泽柳巷盘古一号国际酒店公寓,柳巷 铜锣湾 盘古一号 公寓式酒店 家具家电齐全 拎包入住 看房方,2200,80O
,,,
迎泽南内环怡和・中馨城,建设并州南内环大营盘精装三居南北通透采光好带车位拎包住,5000,145O
,,,
小店晋阳街云水世纪明珠项目,晋阳街 北美N1旁 小公寓 独门独户 家具电齐全 拎包住,1699,34O
,,,
小店富士康警苑小区,"富士康,周边配套齐全,有公交,交通便利",2000,110O
,,,
迎泽朝阳街双北小区,朝阳街服装城双塔北路南沙河精装修拎包入住低价出租随时看房,1660,110O
,,,
小店长风龙鼎花园,小店 长风东街 双塔南路 万科紫台旁 龙鼎花园 温馨三居两卫,2300,127O
,,,
迎泽柳巷金湾小区,可月付无压力柳巷铜锣湾金湾小区干净卫生电梯房拎包住,2600,88O
,,,
小店真武路万豪幸福汇,简装三居 万豪幸福时光小区 自住房出租 拎包入住,1700,120O
,,,
小店人民路浦东雅典,浦东雅典精装1居室家具家电齐全真实图片,1800,60O
,,,
,,,
,,,
万柏林和平路十二院城,适合办公美容 十二院城精装别墅 带80平米前后院子 诚意出租可看,13000,283O
,,,
迎泽水西关丽阳城,可月付柳巷羊市街五育丽阳两居室看房方便,2000,60O
,,,
小店长治路文兴苑,新上房源 长风街长治路 文兴苑 南北通透 精装齐全两居 拎包入住,2800,90O
,,,
小店亲贤太原茂业天地,精装修 亲贤街体育路茂业天地 精装修 交通便利 停车方便 采光好,7500,160O
,,,
迎泽双塔东西街中正悦湾,建设南路中正悦湾时代特区省人民医院附近精装修拎包住随时看房,2500,70O
,,,
万柏林千峰来福花园,精装 单间 合租 1000到5000的高层低层 都有 这个适合办公临街,25000,95O
,,,
小店人民路华荣小区,"人民北路,康宁街地站旁边,周边有公交,有医院,配套齐全",1833,100O
,,,
杏花岭大东关太铁佳苑,大东关 太铁佳苑 中装3居 府东街 五龙口海鲜市场 费用低,2000,100O
,,,
迎泽朝阳街晨光上东,"朝阳街山姆士新东城附近东旭精装两居房东去外地,着急出租有钥匙",2400,108O
,,,
杏花岭北大街安金丽园,万达广场 北大街 安金丽园小区两室精装 拎包入住 押一付一,2450,94O
,,,
小店昌盛街银河公寓,新月国际的房子交通方便学校地商城,1400,63O
,,,
迎泽五一广场金地世嘉,金地世家 精装修 三立附件 白菜价 高层带电梯 交通方便,1666,60O
,,,
小店南中环文锦世家,月付精装一居晋阳街文锦世家拎包住,1200,36O
,,,
小店真武路万豪新天地,通达街万豪诚品阳光芳汀文化大厦幸福家园坤泽十里城,1333,85O
,,,
万柏林千峰润景・园著,南内环桥西 润景园著 和平公园 豪装三居双卫 实木家具拎包,3200,120O
,,,
晋源晋阳湖梧桐院,新晋祠路南中环 格林花园 梧桐院小区 精装 拎包入住 随时看,2200,100O
,,,
万柏林千峰纺织苑,万柏林纺出租织苑精装修全家具家电南北通透无物业费停车费,2200,90O
,,,
小店并州南路百桐园,百桐园 空家可办公住家 南北通透小区 亲贤街茂业周边,3000,97O
,,,
万柏林漪汾漪汾苑,漪汾苑两居全家具南北房1200便宜看房有钥匙,1200,58O
,,,
迎泽南内环南内环小区,"南内环,青龙电脑城,阳光数码港,随时看房,拎包入住,低价出租",1450,65O
,,,
小店长治路嘉苑小区,"长治路,亲贤北街阳光地带旁。精装一室一厅,独立厨房,拎包入住",1300,40O
,,,
迎泽柳巷后铁匠巷房地局宿舍,柳巷 铜锣湾 云路街街 家电家具 拎包入住 看房方便,2500,80O
,,,
晋源义井兰亭御湖城,兰亭玉湖城 公寓出租 适合商业办公,3200,40O
,,,
迎泽朝阳街天塔家园,月付 五龙口街 东中环 服装城 天塔家园 精装三室,1666,96O
,,,
小店长治路阳光银座,长治路口 北美附近精装一居室拎包入住 适合单身男女蓝领白领居住,2600,60O
,,,
小店长治路南环国际名邸,"南内环,解放路口,国际名邸,精装公寓合租房,付款灵活拎包入住",800,30O
,,,
万柏林千峰大唐四季花园,千峰南路 美林湾小区 精装修 交通便利 生活方便 环境优美,800,30O
,,,
小店长治路阳光华庭,长治路阳光华庭 精装高层 齐全配置 繁华商业 采光通透性价比,2600,90O
,,,
迎泽朝阳街服装城昕利小区,月付价格面议 朝阳街服装城建设路南内环东中环双塔街东岗路,1850,73O
,,,
,,,
,,,
晋源义井兰亭御湖城,整租 出租 旧晋祠路万水兰亭御湖城 两居 有钥匙随,1400,60O
,,,
小店昌盛街坤泽十里城,坤泽十里城丨居然之家丨公安局小店分局丨昌盛东街坞城南路,1400,56O
,,,
小店龙城大街龙城天悦,龙城天悦 新伍中 龙城大街 南站旁,1500,88O
,,,
小店体育路晋龙捷泰宿舍,精装房两居空家出租 可配 太榆路长风东街 美特好边 晋龙捷泰,2200,95O
,,,
小店长治路阳光银座,店长 长治路长风街阳光银座正规两室豪装拎包入住房出,2900,98O
,,,
万柏林下元商圈中海・寰宇天下,新晋祠路 迎泽桥西 汾河畔 中海寰宇天下精装三居 可随时看房,3300,118O
,,,
小店亲贤佳地花园,可月付 万厦枫景 精装两局拎包入住 亲贤街并州路佳地花园旁,2700,81O
,,,
万柏林下元商圈太原万科蓝山,长风西大街 万科蓝山精装两居富力旁 拎包入住 有钥匙可看房,2500,86O
,,,
迎泽桃园南路山西省地震局宿舍,桃南 精装大三室 地震局宿舍 桃园南路 双塔西街 西里街,2100,"100O
            "
,,,
迎泽柳巷柳巷云路街三中宿舍,迎泽大街柳巷大南门成成宿舍两居室看房方便,1666,58O
,,,
小店平阳山西省气象台宿舍,出租 精装两居 全新家具家电 亲贤街平阳路口 气象台拎包,2300,70O
,,,
迎泽朝阳街华宇朝阳小区,朝阳街服装城拎包入住双塔北路家电齐全低价出租交通便利,1400,70O
,,,
万柏林迎泽西大街华清小区 闫家沟小区,迎泽西大街 西矿街 十二局 闫家沟华清苑 3室2卫 齐全,2500,130O
,,,
小店长风长风画卷,长治路 长风街口 长风画卷 豪装两居 配置 随时看房,3333,120O
,,,
晋源义井兰亭御湖城,晋祠路 环境优美 交通便利 南北通透 拎包注入 生活气息浓厚,2700,107O
,,,
迎泽朝阳街春天广场,服装城朝阳街晨光上东附近春天广场正规1室1厅1卫拎包入住带空调,1600,60O
,,,
小店长风长风画卷,长风街 北美新天地旁 家乐福长风画卷 豪装三居落地飘窗,4500,160O
,,,
小店长风恒大山水城,租房子建设南路太榆路长风东街绿地半山国际旁恒大山水城三室,2500,120O
,,,
晋源晋祠格林花园,晋祠路 南屯苑 格林花园 梧桐院 吴家堡 精装大两居 拎包住,1999,100O
,,,
杏花岭北大街安汇公寓,"新建路北大街万达附近安汇公寓,两室带家具能洗澡,季度付 无利",1200,55O
,,,
小店太榆路太原万科城,新上房源 南中环 太榆路口 万科城 一层三居室 住家办公均可,4500,99O
,,,
小店学府街晶泰苑,"平阳路云水榭水上乐园背后小区,周围配套设施齐全生活便利",1500,45O
,,,
小店平阳君怡,拎包入住高新区平阳路晋阳街华鼎大医院博雅书院君怡小区精装两居,1900,88O
,,,
小店亲贤太航世纪,亲贤北街并州路茂业天地附近佳地太航世纪 办公 住家可空家会所,4500,175O
,,,
小店平阳王村统建宿舍,长治路 王村南街 统建宿舍 精装修 家具家电齐全,1600,70O
,,,
小店真武路太原恒大绿洲,电子街坞城南路富康街美都汇康苑雅居康宁街恒大商业,2200,98O
,,,
小店长治路大唐花园,长治路大唐花园 温馨家庭 精装一居室 可月付,2200,50O
,,,
小店长治路新城市花园,月付精装拎包齐全亲贤街体育路长治路茂业天地新城市花园急租,2700,98O
,,,
迎泽柳巷金湾小区,柳巷 开化寺 食品街 金湾小区 家具家电 拎包入住 看房方便,2600,109O
,,,
,,,
,,,
万柏林和平路十二院城,南内环桥西与和平南路 十二院城 精装三居 欢迎随时看房,2600,104O
,,,
万柏林长风西大街万科金域国际,长风西街 万科金域 南北通透 二次装修 万柏林实验,2500,2500O
,,,
万柏林和平路紫荆假日,和平南路 长风西街 万科蓝山 精装两室 家电齐全,2000,93O
,,,
小店平阳君怡,房东自住高新区南中环平阳路晋阳街北美博雅君怡小区精装南北三居,2500,120O
,,,
万柏林千峰纺织苑,万柏林纺织苑家具家电齐全拎包入住随时看房房东急租,1500,64O
,,,
小店人民路小店粮食局宿舍,"人民路,有公交,有地,有学校,出行购物便捷",1500,90O
,,,
杏花岭北大街柳溪花园,整租 柳溪花园 两室一厅,2800,"108O
            "
,,,
小店汾东路新世纪花园,新世纪花园127平米一个月2200,2200,127O
,,,
万柏林下元商圈中海・寰宇天下,晋祠路 迎泽西大街 汾河旁 中海寰宇天下精装三居 全方面朝汾河,3200,118O
,,,
小店体育南路坞城世纪花园,坞城世纪花苑 环境好 交通便利 精装全齐 随时看房 低价,3300,130O
,,,
万柏林长风西大街丽华苑,长风西街 丽华苑 平层315平 空家 随时看房,10000,315O
,,,
小店人民路中世汇源,电子街富康街真武西路颐园街恒大绿洲西区,1666,126O
,,,
小店平阳君怡,复试精装240平办公出租平阳路晋阳街联合大厦君怡小区旁纳达大厦,5000,240O
,,,
小店长治路新领地,长风街长治路北美新天地和信百盛新领地 精装2室一厅,2999,110O
,,,
晋源义井晋阳峰Z,晋祠路 长风商务区 晋阳峰景 梧桐院 随时看房,1850,"65O
            "
,,,
杏花岭敦化坊太铁北河湾宿舍,敦化坊 胜利东街 太铁胜利小区 朝南两居 空家 办公住家 随时看房,1700,90O
,,,
万柏林千峰来福花园,精装 单间 合租 1000到5000的高层低层 都有 这个适合办公临街,25000,95O
,,,
尖草坪胜利桥乾泽苑,兴华街 紧挨滨河西路 胜利桥西 乾泽苑小区 能月付 两室一厅,1500,79O
,,,
杏花岭建设北路铁路宿舍,"两居室,拎包入住,五一东街",1500,45O
,,,
小店长风长风万厦苑,万厦苑 1室1厅1卫 男女不限(个人),1300,45O
,,,
小店真武路太原恒大绿洲,恒大绿洲东区两居可月付有家具照片真实,2200,98O
,,,
迎泽双塔东西街东港嘉园,双塔东街省人民医院附近粮油宿舍精装两居赔钱甩租拎包入住随时看,1400,66O
,,,
小店南中环中环水岸,高新区南中环平阳路清控科创基地 中环水岸 南北通透大三居可办公,4500,184O
,,,
小店平阳金郡小区,月付 亲贤街平阳路 阳光地带 汪府井 君泰风尚 精装两居,3300,"98O
            "
,,,
万柏林漪汾漪汾苑,漪汾街 漪汾苑 4层 精装两居 干净整洁 拎包入住 房东随和 急租!,1500,59O
,,,
小店太榆路太原万科城,太原南站万科城 空家精装 南北通透三居室 太榆路许坦东街,2500,119O
,,,
小店昌盛街坤泽十里城,小店昌盛街坤泽十里城 2室1厅1卫 带家具 随时看房 有钥匙,1600,92O
,,,
小店长风汇通苑,长风东街 高管局单位房 简装空家大三居 自住办公,22000,147O
,,,
晋源义井晋阳・峰Z,长风商务区南屯苑南区晋阳 新政务大厅 精装两居 采光好 交通便利,2500,100O
,,,
,,,
,,,
迎泽朝阳街育阳小区,服装城朝阳街鞋城附近育阳小区3室2厅1卫家具家电齐全月付,1666,100O
,,,
万柏林和平路化建佳园小区,长风西街 和平南路 化建佳园 万科蓝山 十二院城 中层两室,1800,90O
,,,
万柏林迎泽西大街中铁十二局建安处宿舍,"小店通达街,周边有公交,有菜市场,交通方便,",1550,70O
,,,
小店体育南路坞城世纪花园,"坞城世纪花苑,精装三居齐全,干净温馨,适合一家人,押一付一",3000,130O
,,,
小店南中环北张小区,精装大三居 办公住家均可 临街 晋阳街云水世纪明珠 紧挨北美,3500,135O
,,,
小店坞城梧桐小区,梧桐小区位于开元街梧桐大厦旁,1600,160O
,,,
小店平阳君怡,平阳路 晋阳街 北美N1 地铁口 山西大医院 君怡小区 精装两居拎包,2400,75O
,,,
迎泽柳巷后街公寓,柳巷 开化寺 后街公寓 家具家电 领包入住 看房方便,1300,30O
,,,
小店人民路俪和苑,电子街富康街颐园街旧世纪花园南北通透,1700,135O
,,,
小店亲贤民生国际,茂业天地旁 民生国际100平临街办公房 美容 美甲 养生 办公都可,2500,100O
,,,
小店平阳君怡,平阳南路晋阳街 君怡小区 山西大医院华鼎泰富精装一居拎包入,1400,50O
,,,
小店长治路山西世贸中心,亲贤街长风街 天美新天地 世贸中心 精装1居 办公住家 月付,1800,52O
,,,
尖草坪小商品批发市场恒大名都,恒大名都小三居!户型!家具家电齐全!,2300,101O
,,,
杏花岭五龙口山水庭院,府东龙腾苑 小区环境好 宜居 易办公,2333,120O
,,,
小店龙城大街新庄小区,龙城大街 南站旁 荣军医院 八学旁 新庄小区,2000,90O
,,,
杏花岭五龙口五龙花园,"南北通透大三居,精装家电齐全,拎包入住",2400,134O
,,,
小店平阳君怡,小店区平阳路晋阳街 君怡小区 博雅书院 实验 山西大医院,2800,120O
,,,
小店富士康城南都市嘉园,"坞城南路,康宁街,,周边配套齐全,出行购物方便",2000,80O
,,,
小店昌盛街坤泽十里城,押一付一通达街 坤泽十里城 欧式速配 纯朝南户型 户型很好,1900,100O
,,,
万柏林漪汾漪汾苑,漪汾苑精装南北房二层全家具能洗澡1800每月九月1号可入住,1800,55O
,,,
杏花岭府东府西奶生堂,解放路 奶生堂机械进出口宿舍 三室二厅一卫 家具齐全可拎包入住,3200,120O
,,,
晋源义井太药D小区,义井西街太药D 两居拎包 和平南路化工医院 万柏林,1700,70O
,,,
小店平阳金郡小区,月付 长风街 平阳路 平阳景苑 精装三居 拎包住 和信摩尔后,4000,160O
,,,
小店亲贤腾龙雅苑,长风北美天美旁 亲贤街 茂业天地腾龙雅苑两居 拎包住月付,2700,120O
,,,
万柏林千峰后王小区,可月付 大王路美特好超市 美林湾小区 精装主卧 带阳台,1200,40O
,,,
小店人民路华荣小区,"人民北路,康宁街地站旁边,周边有公交,有医院,配套齐全",2000,100O
,,,
晋源义井兰亭御湖城,旧晋祠路 华城 万水市场 兰亭御湖城 精装修两居 随时看房,2300,100O
,,,
万柏林和平路富力现代,长风西街 和平南路 富力现代广场 精装一居 随时看房,1600,43O
,,,
小店长治路阳光银座,长风街 长治路 文华苑 阳光银座 御苑 精装一居 拎包入住,800,30O
,,,
,,,
,,,
小店富士康小店四组小区,富康街小店四组康宁街独立一居室交通便利低价出租随时看,1250,50O
,,,
小店坞城农科院宿舍,体育路 龙城北街 恒大翡翠华庭 精装三居空家 农科新城,2500,130O
,,,
迎泽柳巷铜锣湾宝地小区,柳巷。铜锣湾,1800,66O
,,,
杏花岭小东门景泽苑,二院附近 五一路景泽苑中装两居 家具家电齐全 拎包入住地段好,1900,90O
,,,
万柏林和平路十二院城,万柏林十二院城精装修全新配置小区内有幼儿园配套齐全,2200,100O
,,,
迎泽桥东街山西省医药公司住宅小区,月付价格面议 省人民医院建设路东港家园中正悦湾三餐源并州路,1600,60O
,,,
小店南中环北张小区,坞城路南中环160平 价格好商量 客厅精装修 钥匙随时看,3500,165O
,,,
小店人民路阳光揽胜,育才小店人民南路阳光揽胜精装两居室楼层高采光,1799,90O
,,,
小店人民路兴武小区,小店三种旁实验晓学南北通透拎包入住兴武小区昌盛街人民路真武路,2000,130O
,,,
万柏林长风西大街西部丽景,和平南路 西部丽景 拎包入住 采光好 低价出租 独立卫浴 精装修,1100,45O
,,,
迎泽朝阳街天塔家园,月付 五龙口 东中环 天塔家园 精装三居 全家具家电 拎包住,1666,95O
,,,
小店平阳君怡,拎包入住南中环平阳路晋阳街博雅书院君怡小区 南北通透欧式三居,2500,120O
,,,
小店体育路君泰・中央公园,拎包住晋阳街体育路北美云水世纪恒大翡翠御龙庭君泰公园精装两居,2000,120O
,,,
万柏林漪汾佳境观邸,"和平北路 万锦太和佳苑,精装一室一厅,头回出租,采光好",1500,55O
,,,
万柏林千峰来福花园,精装修 拎包入住 800到2000以上,800,30O
,,,
小店滨河东路银海水韵,滨河东路 银海水韵大三居室,3000,162O
,,,
迎泽双塔东西街新视界,双塔西街 新视界b座 精装修 拎包入住,4000,99O
,,,
万柏林千峰润景・园著,万柏林润景园著精装修出租拎包入住采光好和平公园,2600,97O
,,,
迎泽朝阳街华宇朝阳小区,朝阳街服装城精装修拎包入住交通便利低价出租随时看房,1500,100O
,,,
迎泽桥东街梦想空间,整租丨五一广场柳巷附近 并州北路桥东街梦想空间 双卫 随时看房,2200,75O
,,,
迎泽并州东西街清风小居,好房子啦 并州东街 铁一中 精装二室 家电齐全 拎包入住月付,1900,90O
,,,
万柏林千峰后王小区,可月付 大王路美特好超市 美林湾小区 精装主卧 带阳台,1200,40O
,,,
迎泽双塔东西街五龙口小区,整租丨火车站附近五龙口商务小区温馨一居室拎包入住可月付随时看,1300,62O
,,,
万柏林下元商圈中海・寰宇天下,新晋祠路 迎泽桥西 汾河畔 中海寰宇天下精装三居 可随时看房,3300,118O
,,,
迎泽双塔东西街东港嘉园,月付并州东街精装两室全家具家电可做婚房双卧朝南拎包住价钱可谈,2200,90O
,,,
万柏林和平路富力现代,长风西街 和平南路 富力现代广场 精装一居 随时看房,1600,43O
,,,
小店亲贤太航世纪,茂业天地 太航世纪 美容办公 主册公司 亲贤并州路 随时入住,3800,135O
,,,
小店人民路小店4370厂宿舍,小店人民路小店十七局60平米2室1厅1卫,1200,60O
,,,
杏花岭胜利街胜利桥东统计局宿舍,胜利西街 北大街 胜利桥东 三居室拎包入住 押一付一 看房方,1700,86O
,,,
,,,
,,,
迎泽桥东街梦想空间,梦想空间 精装修随时看房 随时入住 交通方便先到先得,2300,105O
,,,
迎泽南内环铁一中宿舍,铁一中宿舍 家具家电齐全 随时看房 三层 教室附近,1600,41O
,,,
万柏林长风西大街万科金域国际,万科金域国际 万柏林实验 南北通透 精装两居 随时看房,2500,2500O
,,,
小店长风红源国际青年城,建设南路亲贤街口 红源国际青年城拎包精装 中正花园 瑞生丽园,2300,"108O
            "
,,,
迎泽桃园北路气象局宿舍,桃园四巷新建路 气象居宿舍 精装2居随时看房,1700,65O
,,,
迎泽南内环铁一中宿舍,并州东街建设南路交叉口铁宿舍2层简单家具家电房采光好,1450,70O
,,,
迎泽柳巷盘古一号国际酒店公寓,柳巷南路 盘古壹号 精装 一居室 全家具家电 随时看房,1800,70O
,,,
小店富士康小店四组小区,富康街小店四组康宁街独立一居室交通便利低价出租随时看,1250,50O
,,,
小店亲贤水总宿舍,可月付亲贤街平阳路口 平阳景苑 和信摩尔背后水总小区三居,2450,"80O
            "
,,,
小店长风怡安公寓,军民路南北三居低价出租,2500,90O
,,,
迎泽并州东西街卷烟厂宿舍,精装两居卷烟厂宿舍省艺校优派对中正天街鸿辰小区并州东街费用低,2000,65O
,,,
小店平阳柏林风情,寇庄西路精装两居。拎包入住,2300,80O
,,,
迎泽朝阳街怡军苑,朝阳街服装城精装修拎包入住低价出租交通便利随时看房,1700,100O
,,,
迎泽双塔东西街东港嘉园,月付三室两卫双塔东西街省人民医院日报社东港家园可配齐家电,2750,106O
,,,
小店真武路太原恒大绿洲,小店电子街真武路丨恒大绿洲小区丨恒大西区丨中间楼层可看房,2000,100O
,,,
小店长风瑞生丽园,"中正花园旁瑞生丽园,精装三居室,有钥匙,随时看房。",2500,108O
,,,
万柏林下元商圈太原万科蓝山,万科蓝山 精装3居室 南北通透 采光好 看房方便,2500,"139O
            "
,,,
迎泽朝阳街双北小区,朝阳街服装城双塔北路南沙河精装修拎包入住低价出租交通便利,1666,115O
,,,
小店亲贤太航世纪,亲贤街 茂业天地 租美容 会所 办事处 佳地花园百,4500,175O
,,,
小店许坦东西街府园东居,紧挨美特好可以随时,2400,97O
,,,
万柏林千峰纺织苑,万柏林纺织苑拎包入住真实图片配套齐全交通便利看房方便,1700,81O
,,,
万柏林漪汾漪汾苑,漪汾苑凤凰双语三层南北通透客厅有窗户全家具能洗澡诚租,1400,55O
,,,
小店真武路太原恒大绿洲,太原恒大绿洲3室1厅2卫,2500,118O
,,,
杏花岭赛马场金基泰和苑,赛马场 马道坡 东中环 大东关泰和苑 精装修全家具家电 拎包,1667,85O
,,,
万柏林下元商圈太原万科蓝山,长风西街 和平公园 万科蓝山 南北通透 干净整洁 停车方便,4000,126O
,,,
万柏林滨河西路万水澜庭西区,整租 南内环 晋祠路 万水物贸山西中医院附近万水澜庭交通便利,3500,130O
,,,
小店平阳君怡,整租平阳路晋阳街路口 君怡小区 精装一居 家电齐全 随时看房,2200,70O
,,,
小店亲贤亲贤街供电局宿舍,租房子 亲贤街 井 供电局宿舍 精装两居 齐全 拎包,2500,90O
,,,
迎泽柳巷铜锣湾宝地小区,柳巷铜锣湾府东街五一路宝坻小区两居室全家具家电拎包住,2500,80O
,,,
,,,
,,,
迎泽桥东街山西省医药公司住宅小区,省人民医院附近租房子 东岗路 精装二室 家电齐全 拎包入住,2000,701O
,,,
迎泽文庙新城南街中行宿舍,"租的安心,住的舒心",1800,74O
,,,
迎泽朝阳街春天广场,月付价格面议 建设路南内环服装城朝阳街火车站南沙河,1250,56O
,,,
迎泽朝阳街春天广场,服装城朝阳街晨光上东附近春天广场1室1厅1卫家具家电齐全能月付,1250,60O
,,,
小店太榆路太原万科城,太原南站万科城 拎包入户 精装两居室 全朝南户型 可月付,2800,85O
,,,
小店长治路文华苑,长风街 长治路 文华苑E区 专属 精装两居 居然之家旁边 可,3200,97O
,,,
万柏林漪汾漪汾苑,漪汾苑凤凰双语旁两居全家具能洗澡二层1500诚租,1500,55O
,,,
杏花岭胜利街龙湾国际,胜利桥东 滨河东路 龙湾国际小区两居室 拎包入住 小区环境佳,2700,88O
,,,
小店晋阳街海棠公馆,晋阳街北美NI附近 海棠公馆 独立厨卫 不收中介费,1250,40O
,,,
小店晋阳街云水世纪明珠项目,晋阳街 体育路 北美N1 精装修 家具家电齐全 拎包入住 房东直租,2498,97O
,,,
小店滨河东路税苑小区,"面积,拎包入住 适合办公",3500,168O
,,,
小店平阳君怡,小店区 精装一居空调房 平阳路景阳街 君怡小区 华鼎大医院,2100,70O
,,,
小店长治路城市密码,亲贤街长治路 阳光数码港 城市密码 精装复式2居 拎包入住 月付,2800,80O
,,,
迎泽桥东街桥东小区,整租丨可月付可拎包住全家具家电桥东街三立可随时看房,1600,85O
,,,
小店平阳飞云第一国际,亲贤街平阳路口 飞云小区精装四居室拎包月付 米兰茂业百盛,4500,160O
,,,
小店亲贤太原茂业天地,急租 亲贤街体育路百盛 茂业天地160平毛坯 随时,5000,168O
,,,
小店平阳君怡,平阳南路晋阳街口 山西大医院 省实验 君怡小区精装带空调,2200,88O
,,,
小店平阳王村统建宿舍,"平阳路边,新康隆旁边精装小三居。",2000,70O
,,,
杏花岭动物园太钢同乐苑,尖草坪 北宫 太钢总医院附近 同乐苑小区 两居室带空调 月付,1450,78O
,,,
万柏林长风西大街万科金域国际,长风西街 万科金域国际 南北同透 低价出租 随时看房,2300,92O
,,,
小店长治路新城市花园,出租南内环长治路经典家园嘉苑小区城市密码财富大厦随时看随时住,2400,70O
,,,
万柏林和平路十二院城,南内环桥西与和平南路 十二院城 精装三居 欢迎随时看房,2600,104O
,,,
小店人民路小店十二局宿舍,"小店通达街,周边有公交,有菜市场,交通方便,",1600,86O
,,,
迎泽桃园南路中铁三局集团滨河小区,A房出租 精装一居室 全家具家电 拎包住 新建南路文源巷37,1600,"45O
            "
,,,
万柏林和平路逸宸新境界,店长 西部丽景 和平南路 停车免费 物业低 齐全,2100,90O
,,,
小店长风长风画卷,"长风画卷,长风街,豪装三居齐全,采光好,可办公",4500,146O
,,,
万柏林漪汾漪汾苑,漪汾街 漪汾苑 精装两居 干净整洁 拎包入住 房东随和 看房方便,1250,60O
,,,
小店真武路万豪新天地,阳光芳汀万豪广场真武路通达街拎包入住,1250,66O
,,,
小店亲贤太航世纪,亲贤北街并州路茂业天地附近佳地太航世纪 办公 住家可空家会所,4500,175O
,,,
,,,
,,,
小店体育南路恒大华府,体育南路 恒大华府 可办公 精装3居空家,5500,188O
,,,
小店亲贤佳地花园,佳地花园 空家办公美容会所 壁纸精装四居双卫 亲贤街茂业周边,5000,260O
,,,
万柏林下元商圈煤气化东区宿舍,万柏林煤气化东区交通便利可做小饭桌南北通透,3000,70O
,,,
小店学府街翠竹小院,48中 文华 太师三精装楼中楼,3000,122O
,,,
迎泽桥东街桥东小区,月付 五一广场 桥东街 南官坊小区 264医院 无物业费,1600,55O
,,,
小店真武路幸福家园,汾东花园真武路南两居太原学院青年职业学院,1200,68O
,,,
小店真武路太原恒大绿洲,小店区恒大绿洲东区精装两居拎包入住急租,2500,90O
,,,
万柏林和平路嘉怡国际丽都城,和平北路嘉怡国际丽都城 两室户型精装修南北通透 拎包入住,2100,103O
,,,
小店长治路城市密码,"南内环长治里寇庄西路城市密码空家出租,适合办公,交通便利,",2300,90O
,,,
小店真武路太原恒大绿洲,小店富士康丁香园小区朝东精装两居家电齐全小区免费停车,1500,60O
,,,
杏花岭五一路太原大学小区,太原大学宿舍 精装房,1600,60O
,,,
小店长治路经典家园,可月付 南内环长治路经典家园 精装三居 拎包入住 停车方便,3600,140O
,,,
小店亲贤佳地花园,办公可月付亲贤街体育路 茂业天地佳地花园 三居双卫,4600,166O
,,,
小店长风万科紫台,精装三居空家 带空调 di价出租 长风东街美特好旁 万科紫台,2800,100O
,,,
小店长风汉唐官邸,亲贤北街 茂业周边 温馨一居 独立厨卫 家电齐全 拎包入住,1300,60O
,,,
小店长治路龙兆远景,精装修两居室 拎包入住 长治路龙兆远景 亲贤街 随时看房,2600,85O
,,,
小店人民路康怡小区,康宁街 低层小区 南北通透三居 带家电 拎包入住 随时看房,1600,122O
,,,
小店长风百德尚景,好房温馨一居 小店长风东街 双塔南路 万科紫台旁 百德尚景,1500,50O
,,,
小店昌盛街坤泽十里城,小店民生小区,1800,100O
,,,
小店许坦东西街金东中环城,许坦东街东中环金东中环城精装独立一居拎包入住随时看,1400,60O
,,,
小店昌盛街坤泽十里城,坤泽十里城昌盛街人民路通达街真武路康宁街富士康海棠家园坞城路,1666,93O
,,,
迎泽朝阳街晨光上东,服装城朝阳街晨光上东2室1厅1卫家具家电齐全拎包入住,2400,100O
,,,
小店昌盛街坤泽十里城,小店民生小区,1800,100O
,,,
小店太榆路太原万科城,太榆路 万科城 电梯3层可办公 3居齐全 随时看,2999,117O
,,,
小店人民路俪和苑,电子街富康街颐园街旧世纪花园南北通透,1700,135O
,,,
迎泽朝阳街晨光上东,服装城朝阳街日化城后东旭精装两居两卫出租豪装随时看房,2400,100O
,,,
小店人民路华荣小区,"人民北路,康宁街地站旁边,周边有公交,有医院,配套齐全",2000,100O
,,,
小店坞城梧桐小区,唐明路开元街丨梧桐小区丨九一旁丨地和苑丨海棠家园,2000,105O
,,,
万柏林长风西大街万科金域国际,长风西街 万科金域国际 南北同透 低价出租 随时看房,2300,92O
,,,
,,,
,,,
晋源晋阳湖梧桐院,长风商务区 便民服务中心 梧桐院 精装 2居 出租,2300,"101O
            "
,,,
小店晋阳街云水世纪明珠项目,体育路 恒大华府东云水世纪明珠 整租公寓 家具电齐全拎包住,1499,34O
,,,
迎泽大南门少年宫宿舍,大南门 精装两室 山大一院 全家具家电 医科大学 解放南路,2700,"75O
            "
,,,
杏花岭胜利街胜景天地,营西街 胜利街 解放路口 胜景天地空房三居室 看房方便 面议,2300,126O
,,,
迎泽迎泽其他商圈泰古城,居家之首 温馨大三居 双卫 长风东街 汇通苑旁 泰古城小区,3300,120O
,,,
小店南中环华鼎泰富,高新区 平阳路 君怡小区 山西大医院旁 华鼎泰富公馆 欧式两居,2100,98O
,,,
小店长治路王村小区,好房子不等人 速度看过来 茂业附近 王 府 井 背后,1399,45O
,,,
小店平阳恒实平阳景苑,亲贤街茂业 平阳景苑240平米 办公场所 带全新办公家具,7500,240O
,,,
小店人民路康怡小区,小店区人民路康怡小区房屋低价急租,1800,110O
,,,
小店并州南路百桐园,百桐园 空家可办公住家 南北通透小区 亲贤街茂业周边,3000,97O
,,,
小店长风富豪大厦,长风街和信旁边 精装空家 住商均可 停车便利 高层飘窗景观,4300,160O
,,,
尖草坪小商品批发市场恒大名都,恒大名都精装两居好价格好房子,2000,92O
,,,
小店龙城大街龙城天悦,龙城天悦 2室1厅 伍中旁 龙城大街,1500,69O
,,,
小店滨河东路银海水韵,南中环滨河东路清控创新基地旁银海水韵精装大三居空家办公,3750,140O
,,,
万柏林下元商圈太原万科蓝山,万科蓝山 精装大四居 低层临街适宜办公 和平南路长风街,3500,165O
,,,
万柏林下元商圈太原万科蓝山,万科物业直租 和平路 长风西大街 万科蓝山 中高层 精装三居,3000,128O
,,,
小店长风汉唐官邸,亲贤长风街 茂业天地 汉唐官邸 三室两卫 支持月付,3500,176O
,,,
小店人民路小店粮食局宿舍,"人民路,有公交,有地,有学校,出行购物便捷",1500,90O
,,,
万柏林和平路太原富力现代广场,富力现代广场精装两居 拎包入住 便宜实惠 交通便利 值得进住,2300,89O
,,,
小店滨河东路汾河景观360,南中环街滨河东路十中旁 汾河景观360 精准2居随时看房,2500,100O
,,,
万柏林千峰纺织苑,纺织苑 山纺宿舍 精装俩居 全家具家电 中间楼层 南内环街 !,1400,60O
,,,
小店康宁街晋阳紫城,富康街与真武西路交口学校市场地,1800,98O
,,,
小店长风龙鼎花园,新上好房 住家办公均可 长风街万科紫台旁 临街一层四居两卫,2500,150O
,,,
杏花岭大东关太铁佳苑,大东关 太铁佳苑 全家具家电 大三居 府东 府西,2300,134O
,,,
万柏林和平路十二院城,十二院城 精装两居 电梯房 全家电全壁纸 和平南路 南内环西街,2310,95O
,,,
万柏林下元商圈太原万科蓝山,一层带小院!万科物业直租 万科蓝山 长风街 和平路复式一层毛坯,7000,300O
,,,
小店长治路新城市花园,长治路南内环 小区 新城市花园精装大三居 首租 拎包入住,4200,150O
,,,
小店南中环文锦世家,晋阳街 北美N1旁 文锦世家 精装2居 拎包入住随时看房,2500,113O
,,,
迎泽五一广场上官巷供销社宿舍,五一路 上官巷 师院附近 家具家电 拎包入住 看房方便,2200,56O
,,,
,,,
,,,
万柏林漪汾漪汾苑,漪汾苑三居中间层精装修全家具家电2000诚租,2000,93O
,,,
万柏林下元商圈太原万科蓝山,长风西街 和平南路 万科蓝山 精装三居 随时看房,3000,133O
,,,
小店人民路浦东雅典,浦东雅典一室一厅朝南户型采光带家具拎包入住,1200,59O
,,,
小店昌盛街坤泽十里城,昌盛街 坤泽十里城 110O 精装修 领包入住 交通便利 南北通透,2000,110O
,,,
万柏林和平路香悦澜溪,香悦澜溪 西中环 精装三居 家具家电全 阳光充足,2500,130O
,,,
迎泽南内环贸易学校宿舍,月付三层南内环东岗路双塔东西街阳光小区迎宾小区染料厂宿舍拎包,1700,75O
,,,
小店真武路世纪雅园,电子街 世纪雅苑 两居朝阳 空家精装修 中高楼层光线足,2000,100O
,,,
小店富士康康宁美郡,康宁街真武路口小店二组小区二居室,1666,92O
,,,
晋源义井义井佳园,租房 义井西街 义井家园三室家具家电齐全拎包住 随时看房,2550,130O
,,,
小店晋阳街云水世纪明珠项目,体育路 北美N1恒大华府东 精装三居 拎包住,3000,130O
,,,
小店长治路阳光地带,亲贤街长治路王府井 梅园百盛 茂业天地 阳光地带复式大平米,7500,260O
,,,
万柏林千峰西岸,急租!西岸小区 近千峰南路 长风西街 精装两居 全家具家电,2250,89O
,,,
晋源义井兰亭御湖城,整租 北堰 兰亭御湖城 精装 3室2卫家具齐全 有钥匙,2200,107O
,,,
小店长治路佳合美地,亲贤街体育路 奥林花园 佳合美地 精装欧式2居 拎包入住 月付,2700,96O
,,,
杏花岭府东府西劳动局宿舍,水西关府东府西街桃园三巷二层市政府桃园劳动局秀水商城,1466,60O
,,,
杏花岭大东关新源里小区,东中环 大东关 宜家上东城 全家具家电 拎包入住,1900,98O
,,,
小店人民路阳光揽胜,小店区正阳街阳光揽胜两居空家出租,1600,96O
,,,
小店龙城大街新庄小区,"黄陵村,南站边上,新庄小区,俩居室,有家具家电,看房方便",1500,70O
,,,
小店龙城大街龙城天悦,龙城大街 龙城天悦 朝南两居 家电齐全 领包入住,1700,75O
,,,
万柏林和平路太原富力现代广场,长风西街 富力现代 子母车位出租 可以挺3辆小车 大车停两辆,600,30O
,,,
小店人民路阳光揽胜,阳光揽胜 人民路与正阳街交口 学校商城地,16030,262O
,,,
晋源义井晋阳峰Z,晋阳峰景 长兴南街 华润大厦 格林花园两居室 家电齐全 带空调,2500,99O
,,,
晋源义井太化新光第六小区,义井南三巷 太化实验 太化新光六 小两居 出租,1500,70O
,,,
万柏林和平路十二院城,公园旁 南内环 十二院城 交通便利 出租 配套齐全,2600,110O
,,,
小店亲贤宏盛花园,亲贤街建设路口 宏盛花园精装拎包 中正花园 昌盛双喜城周边,2500,"98O
            "
,,,
杏花岭胜利街胜景天地,万达附近 北大街 胜利街 高层一室一厅 拎包入住 押一付一,1650,55O
,,,
小店长风亲海国际,亲海国际公寓出租、家具家电齐全、拎包入住,1250,48O
,,,
小店人民路阳光揽胜,阳光揽胜精装小3居室家具家电齐全急租,1500,96O
,,,
小店康宁街康宁小区综合楼,整租康宁家园两室一厅家具家电齐全,1500,60O
,,,
,,,
,,,
万柏林和平路十二院城,十二院城 精装两居 全家电 和平南路 南内环西街 万科蓝山城,2200,86O
,,,
小店滨河东路银海水韵,滨河东路 银海水韵大三居室,3000,162O
,,,
杏花岭五一路解放路机械进出口公司宿舍,五一路 山大二院旁 机械进出口宿舍 能洗澡 家里家具家电齐全,1400,65O
,,,
万柏林漪汾漪汾苑,漪汾街 漪汾苑 3层 精装两居 干净整洁 拎包入住 房东随和 急租!,2000,60O
,,,
小店晋阳街云水世纪明珠项目,晋阳街北美N1 云水世纪明珠 两室一厅家电齐全拎包入住有钥匙,2500,92O
,,,
小店昌盛街坤泽十里城,坤泽十里城低价出租安全,750,35O
,,,
晋源义井太药D小区,义井西街太药D 两居拎包 和平南路化工医院 万柏林,1700,70O
,,,
小店坞城农科院宿舍,长风街坞城路交叉口 农科院宿舍 3居 拎包入住 随时看房,2750,70O
,,,
杏花岭小东门景泽苑,小东门 景泽明苑 高层 空家超低价格出租,1350,85O
,,,
小店龙城大街龙城天悦,龙城大街龙城新居新庄小区旁龙城天悦精装两居诚心出售,1700,86O
,,,
小店亲贤宏盛花园,亲贤街建设路 昌盛双喜城东 宏盛花园 精装3居 拎包住 月付,3200,128O
,,,
万柏林千峰郡宇万象城,万象城 千峰南路新庄北街 小高层两居室 家具家电齐全,1666,75O
,,,
迎泽青年路青年路邮电宿舍,青年路南沙河邮电宿舍 随时看房 小区环境好 精装修,1500,45O
,,,
小店长治路阳光银座,长治路 阳光银座 精装两居室 拎包入住 附近北美 沃尔玛 48中,3333,90O
,,,
小店昌盛街坤泽十里城,坤泽十里城丨居然之家丨公安局小店分局丨昌盛东街坞城南路,1400,56O
,,,
小店亲贤佳地花园,佳地花园 亲贤街茂业周边 空家可办公美容会所 精装三居双卫,4500,163O
,,,
迎泽朝阳街春天广场,服装城城朝阳街晨光上东附近春天广场1室1厅1卫带空调能月付,1600,60O
,,,
小店坞城63军西院,六十三军宿舍 可以做员工宿舍 价格便宜 家具家电齐全,3500,130O
,,,
万柏林滨河西路南屯苑,单间 南中环 新晋祠路 紫竹院 南屯苑 南屯北小区单间出租,1100,50O
,,,
小店南中环文锦世家,可月付 晋阳街 北张南门 文锦世家 精装两居 拎包入住,2500,100O
,,,
万柏林华峪东区,小井峪街 56中 前进路 华峪南区 温馨干净小2室 看房方便 交通便,1666,71O
,,,
万柏林和平路太原富力现代广场,长风西街 富力现代广场 随时看房 拎包入住 精装修 采光好户型方,2100,89O
,,,
杏花岭小东门炼油厂宿舍,同城路与坝陵北街交叉口 短租 可半年付随时可看房,1500,64O
,,,
小店学府街明悦小区,新上房源 长风街平阳路 明悦小区 南北通透三居 可做员工宿舍,2400,110O
,,,
小店长治路文华苑,长风街平阳路 文华苑 南北通透 精装三居 拎包入住 随时看房,2700,107O
,,,
万柏林和平路太原国投国兴小区,长风西街 国兴小区 三居室低价出租高层采光好 拎包入住 低价出租,2000,115O
,,,
万柏林下元商圈太原万科蓝山,和平路 出行方便 生活圈成熟 拎包入住 精装修,2500,139O
,,,
万柏林万柏林其他商圈保利百合,"西中环科技大学旁保利百合精装三居,拎包入住",2000,98O
,,,
榆次榆次晋中万科・朗润园,生活购物 精装修 家具家电齐全拎包入住,2000,102O
,,,
,,,
,,,
万柏林千峰纺织苑,纺织苑 山纺宿舍 精装大三居 全家具家电 电梯房 南内环街 月付,2700,122O
,,,
小店昌盛街坤泽十里城,"交通方便,采光好 有需要联系我",2000,142O
,,,
万柏林千峰纺织苑,劲爆出租!万柏林纺织苑精装修交通便利拎包入住配套齐全,1500,70O
,,,
小店康宁街天赐康缘,整租 押一付一康宁街美特好旁边天赐康缘精装两居齐全 拎包入住,2000,91O
,,,
小店长风半山国际,有钥匙 随时看房 绿地东山半山国际联排独栋简装别墅停车方便适,13000,500O
,,,
小店真武路太原恒大绿洲,富士康真武路电子街精装修太原恒大绿洲2室2厅1卫,2000,100O
,,,
万柏林千峰纺织苑,万柏林纺织苑精装修交通便利拎包入住配套齐全,1500,53O
,,,
小店人民路兴武小区,小店三种旁实验晓学南北通透拎包入住兴武小区昌盛街人民路真武路,2000,130O
,,,
迎泽柳巷金湾小区,柳巷 开化寺 鼓楼街 金湾小区 家电家具 拎包入住 看房方便,2100,60O
,,,
小店真武路太原恒大绿洲,恒大绿洲东区两居可月付有家具照片真实,2200,98O
,,,
小店长治路新城市花园,长治路南内环 小区 新城市花园精装大三居 首租 拎包入住,4200,150O
,,,
小店长风鑫福华园,长风东街 万科紫台 新时代双语旁 常青藤陪读 精装两居拎包入住,2300,95O
,,,
万柏林迎泽西大街西华苑,西华苑四期 精装修 南北通透 采光明亮 整租房,1300,70O
,,,
万柏林下元商圈煤气化西区宿舍,前进路煤气化宿舍。精装两居。交通便利。方便,1600,"80O
            "
,,,
小店并州南路送变电宿舍,坞城北街体育路送变电宿舍 公园、北美、大卖场 拎包入住看房,1500,42O
,,,
小店体育南路坞城世纪花园,许坦西街 体育路坞城世纪花苑 省委党校 公园 拎包入住 看房,3200,120O
,,,
迎泽桥东街东岗小区,价格面议 省人民医院双塔街东岗路并州路青年路南内环体育路,1400,60O
,,,
万柏林和平路太原富力现代广场,长风西街 大两居 拎包入住 交通便利 生活圈成熟,2300,88O
,,,
万柏林华峪东区,华峪小区 全家具家电 三居室 低层 小井峪街 西中环路 迎泽西大街,1600,90O
,,,
小店平阳太原保利香槟国际,平阳路 山西大医院 精装两居齐全 有钥匙 随时看,3000,"119O
            "
,,,
晋源晋祠格林花园,晋祠路 南屯苑 格林花园 华润悦府 丽水苑 万国城 拎包入住,2380,95O
,,,
小店体育南路北美金棕榈,住家办公均可 晋阳街体育路 北美N1旁 北美金棕榈 精装三居,4399,145O
,,,
小店长风万科紫台,新上 小店长风东街 美特好旁 万科紫台 温馨三居两卫 采光棒,4300,136O
,,,
小店长治路阳光地带,"中心地段,阳光地带, 两用。茂业",3700,160O
,,,
杏花岭大东关新源里小区,东中环 宜家上东城 精装四居 采光好 拎包入住,1350,60O
,,,
迎泽并州东西街清风小居,迎泽区 可月付 并州东街 铁一中 精装二室 全家具家电 拎包入住,1900,85O
,,,
小店富士康康宁美郡,康宁街真武路口小店二组小区二居室,1666,92O
,,,
万柏林长风西大街万科金域国际,万科金域国际 万柏林实验 南北通透 精装两居 随时看房,2500,2500O
,,,
迎泽柳巷盘古一号国际酒店公寓,柳巷大南门盘古一号看房方便拎包住空调,1600,42O
,,,
,,,
,,,
小店龙城大街龙城天悦,龙城大街龙城天悦新五中东篱公园朝南两居好楼层,1500,75O
,,,
迎泽朝阳街晨光上东,朝阳街服装城精装修双塔北路南沙河拎包入住低价出租交通便利,1800,60O
,,,
小店学府街建校宿舍,街 建校宿舍 3层2居 拎包入住 随时看房,2500,70O
,,,
万柏林千峰煤气化大王小区,万柏林煤气化大王配套齐全56中无物业费停车费交通便利,1500,68O
,,,
迎泽双塔东西街博名繁华里,省人民医院价格面议 双塔街东岗路南沙河南内环并州路青年路,1700,60O
,,,
小店平阳五分部宿舍,平阳路西一巷 滨河东路 南北三居室 停车位充足,2300,100O
,,,
迎泽双塔东西街玲珑琚,可月付精装俩空调东岗路双塔东西街玲珑居双东邮电郦苑国际日报社,2000,100O
,,,
小店长风万科紫台,"可月付!长风街,万科紫台 精装大三居,全家壁纸,家具齐全!!",3200,92O
,,,
小店北营颐龙佳园,颐龙家园 实惠楼梯房 空家 普国电子城旁,1600,90O
,,,
小店龙城大街龙瑞苑,龙城大街 山西大医院南 交通便利 实习生 看房方便付款灵活,1100,38O
,,,
小店龙城大街新庄小区,荣军医院旁新庄小区精装三居带家具家电看房方便,2100,120O
,,,
小店长风华城,旧晋祠路 华城小区 三居 拎包入住,2200,105O
,,,
杏花岭胜利街富力城,"北中环富力城三期,全家具家电,精装修,停车48元/月",2000,91O
,,,
迎泽五一广场中银百合美地,五一广场 迎泽南街 百合美地 占地面积大,4200,156O
,,,
小店体育路铜厂宿舍,亲贤街并州路 茂业天地 省体育场 铜厂宿舍 精装2居 拎包住,2300,90O
,,,
小店世纪家园,世纪家园 亲贤街茂业佳地花园旁 精装两居全家具家电 可月付,2900,103O
,,,
迎泽朝阳街服装城昕利小区,整租丨可月付可拎包住随时看房朝阳街郝庄正街大三居好房出租,3000,140O
,,,
小店长治路王村小区,租房子 可月付 精装三居 亲贤街长治路 王村新小区 阳光地带,2500,"100O
            "
,,,
小店坞城坞城小区,出租 学-府-街 军民路 坞城小区 精装三居 拎包入住 九一 八-一,2500,105O
,,,
小店真武路太原恒大绿洲,恒大绿洲 小区环境好 学校 交通方便 商场 市场,2600,90O
,,,
迎泽朝阳街太原刚玉砂轮小区,服装城郝庄正街刚玉砂轮厂精装大三居出租拎包入住房东刚搬走好房,1800,80O
,,,
小店太榆路龙园小区,新上精装两居超A房 长风东街 亲海国际旁 龙园小区 交通便利,2000,90O
,,,
小店长风长风画卷,长风街体育西路长风画卷小区 紧挨北美新天地 长风大卖场 办公精,3500,120O
,,,
小店体育南路恒大华府,空家430平出租 晋阳街体育路北美云水世纪明珠恒大华府豪装五居,20000,430O
,,,
晋源义井兰亭御湖城,兰亭御湖城长兴南街义井周边精装一居独立厨卫拎包入住,1500,70O
,,,
万柏林千峰西岸,月付 和平公园 西岸 鑫美天地 卧室出租 非带家具 限女,800,26O
,,,
迎泽大南门凯旋大地,柳巷 开化寺 凯旋大地 成成附近 拎包入住 家电家具 看房方便,4800,208O
,,,
迎泽朝阳街晨光上东,朝阳街服装城精装修双塔北路南沙河拎包入住低价出租交通便利,1800,60O
,,,
迎泽迎泽其他商圈泰古城,长风东街 东中环口 绿地半山国际旁 金峰帝景 豪装两居带空调,2600,90O
,,,
,,,
,,,
小店长治路龙兆远景,亲贤街长治路龙兆远景 精装两居 拎包入住 交通便利 采光好,2400,80O
,,,
小店龙城大街星河湾,平阳南路 星河湾 豪华装修 家具家电齐全 小区,14999,300O
,,,
杏花岭巨轮新建北路建材宿舍,北沙河建材小区大平米三居室南北通透带家具家电能洗澡,1650,"100O
            "
,,,
小店滨河东路汾河景观360,急租 南中环 晋阳街 实验 景观360 性价比陪读好房,2500,90O
,,,
杏花岭府东府西省政府小区,东辑虎营坊山府两居室好房子出租,1700,70O
,,,
小店亲贤太航世纪,亲贤街 太航世纪空家月付 太航小区 佳地花园昌盛双喜城周边,3700,"135O
            "
,,,
小店平阳鲲鹏小区,租房 平阳路鲲鹏小区精装两居室家电齐全停车方便出行方便,2450,100O
,,,
小店昌盛街坤泽十里城,坤泽十里城昌盛街人民路通达街真武路康宁街富士康海棠家园坞城路,1666,93O
,,,
小店亲贤腾龙雅苑,长风北美天美旁 亲贤街 茂业天地腾龙雅苑两居 拎包住月付,2700,120O
,,,
小店长治路阳光银座,长风街长治路 阳光银座 精装两居 拎包入住 随时看房 交通便利,3200,70O
,,,
万柏林和平路十二院城,南内环 和平花园 十二院城 精装三室婚房 拎包住 随时看,2900,160O
,,,
小店康宁街海棠家园,海棠 城南 唐明路,1300,50O
,,,
小店学府街生物研究所宿舍,低价整租 精装2居 陪读自住 随时看房 师范街 生物研究所,2200,70O
,,,
杏花岭府东府西府东美奥花苑,大东关 恒久茗苑 精装两居 图片真实,1800,80O
,,,
万柏林下元商圈智诚御河骏景,西南花园 精装大三居两厅两卫 全家具家电 和平南路 南内环街,3000,146O
,,,
小店学府街25公司社区宿舍,急租 学-府-街 体育路 中辐院旁 35公司宿舍 精装三居 拎包入住,2500,100O
,,,
万柏林长风西大街万科金域国际,"急租长风西大街,和平南路,万科金域国际,化二建,环境优美",2300,92O
,,,
小店平阳君怡,平阳南路 晋阳街口 十中 君怡精装两 居室看房随时,2500,102O
,,,
万柏林千峰纺织苑,万柏林 纺织苑 精装修 交通便利 拎包入住 配套齐全!,1500,70O
,,,
小店亲贤金地广场,可月付 亲贤街滨河东路金地广场 精装一居 拎包入住 停车方便,2550,57O
,,,
晋源义井太药D小区,和平南路 长风西街 太药D小区两室 采光好,1600,100O
,,,
小店滨河东路滨河水岸,可月付南中环平阳路清控附近滨河水岸小区精致温馨两居拎包入住,2700,77O
,,,
迎泽柳巷景观新贵豪庭,月付 精装修 景观新贵 随时看 五一 进山,2100,80O
,,,
迎泽柳巷盘古一号国际酒店公寓,柳巷 五一广场 起风街 盘古一号 家具家电 拎包入住 看房方便,1760,38O
,,,
晋源义井太药D小区,长风西大街 和平南路 太药D小区 采光好 拎包即住,1666,100O
,,,
小店滨河东路坤杰・拉菲香榭,拎包入住滨河东路保利香槟国际星河湾旁拉菲香榭南北通透精装两居,1600,80O
,,,
小店真武路太原恒大绿洲,恒大绿洲 学校 商城 地 公交,2700,100O
,,,
小店南中环华鼎泰富,"华鼎泰富,精装三居齐全,押一付一,山西大医院旁,采光好,",2400,120O
,,,
迎泽双塔东西街邮电双东小区,可月付 双塔东街 时代特区 精装二室 家电齐全 拎包入住,2600,85O
,,,
,,,
,,,
小店建设南路中正花园,中正花园 经典复式 一室一厅 拎包入住,2000,70O
,,,
万柏林千峰移村小区,移村小区 三居室 有家具 千峰南路 迎泽西大街 下元商贸城,1500,80O
,,,
迎泽桥东街清新雅苑,整租丨三立桥东街金地世嘉清新雅苑百合美地百融居随时看房,2500,95O
,,,
小店平阳君怡,高新区晋阳街省实验 华鼎泰富 君怡小区精装三居,2900,120O
,,,
小店亲贤上上城,亲贤街茂业佳地花园 上上城 精装一居单身公寓 拎包入住带空调,2300,46O
,,,
万柏林下元商圈太原万科蓝山,万科蓝山三居房东急租 特价房长风西街停车方便万科金域,2800,102O
,,,
小店晋阳街云水世纪明珠项目,租云水世纪明珠 精装一居室 无 全新家具家电 随时看,2700,58O
,,,
迎泽迎泽其他商圈泰古城,长风东街 东中环口 绿地半山国际旁 金峰帝景 豪装两居带空调,2600,90O
,,,
小店太榆路太原万科城,万科城 太榆路南中环街 太原南站 精装大三居 迎宾汽车站,2700,108O
,,,
小店长治路文兴苑,街平阳路长风街长治路 精装一居北美新天地 阳光银座,1666,50O
,,,
小店长治路嘉苑小区,"长治路,亲贤北街阳光地带旁,精 装单间,拎包入住",1600,40O
,,,
小店长风万科紫台,小店 太榆路 长风东街 万科紫台旁 天秀园 精装温馨两居室,2500,104O
,,,
迎泽柳巷金湾小区,柳巷铜锣湾通顺巷食品街一居室看房方便拎包住停车方便,2600,80O
,,,
小店北营颐龙佳园,颐龙佳园小吴社区龙城2011新庄小区荣军医院精装三居2000一月,2000,126O
,,,
小店龙城大街龙瑞苑,龙城大姐 精装3居 南北通透 付款灵活 看房方便,2500,132O
,,,
迎泽朝阳街育阳小区,服装城朝阳街附近育阳小区3室1厅1卫家具家电齐全月付,1500,100O
,,,
小店建设南路白云小区,绝世好房来袭 白云小区100平精装两居室 家电家具全齐 付款随意,1900,96O
,,,
小店亲贤建苑小区,建设南路 亲贤北街 建苑小区 双喜城 可租员工宿舍随时看,1500,62O
,,,
小店亲贤佳地花园,别墅出租可做门头可打广告亲贤街太航小区旁佳地花园三层别墅出租,7000,205O
,,,
小店富士康小店四组小区,富康街小店四组康宁街独立一居室交通便利低价出租随时看,1250,50O
,,,
万柏林漪汾漪汾苑,漪汾街去外国语实验几步远 漪汾苑精装修 拎 包 入 住,1666,"50O
            "
,,,
杏花岭小东门东瑞小区,北大街 新开南巷 东瑞高层 停车方便 南北通透房,1900,95O
,,,
杏花岭府东府西山西电力杏花岭小区,新上房 二营盘 并州南路 建南汽车站 茂业财富 便宜三居,1900,90O
,,,
万柏林千峰鸿峰东花园,万柏林鸿峰东花园低层配套齐全交通便利低价出租南北通透无物业费,1500,80O
,,,
小店怡海花苑,好房 首茨出租 许坦东街 东润国际旁 怡海花苑 精装大三居,2200,130O
,,,
迎泽桃园北路国土厅宿舍,精装拎包入住 随时看房,900,120O
,,,
小店亲贤昌盛双喜城,茂业天地 双喜SOHO公寓 一室一厅 支持月付 亲贤并州路 随时入住,2200,50O
,,,
万柏林下元商圈太原万科蓝山,万科物业直租万科蓝山 精装两居 拎包入住 品牌家具家电 舒适,2600,93O
,,,
小店人民路小店十二局宿舍,阳光芳汀通达街文化大厦万豪新天地坤泽十里真武路坞城南路,1100,66O
,,,
,,,
,,,
迎泽水西关水西关农行宿舍,桃园路水西关 三室一厅 中间楼层 随时看房 诚心出租,2000,85O
,,,
万柏林千峰西岸,长风西街 千峰南路 和平公园 润景原著 西岸 精装南北两居,2200,90O
,,,
杏花岭半坡东西街半坡西街外贸宿舍,府西街 半坡西街小区 全家具家电 采光好 南北通透,1700,60O
,,,
小店平阳博雅米兰假日,月付精装三居 平阳路新康隆 御龙庭 平阳商贸城热租,3500,147O
,,,
迎泽柳巷新城住宅小区,新城南街 小五台 成才 拎包入住,1250,30O
,,,
万柏林和平路逸宸新境界,和平南路 和平公园 十二院城 逸宸新境界 精装三居 拎包月付,2300,112O
,,,
小店体育南路坞城世纪花园,学-府-街 体育路 坞城世纪花苑高层 大两居 精装,2500,100O
,,,
小店康宁街康宁小区综合楼,康宁小区 楼层好 采光好 交通方便,1500,88O
,,,
万柏林千峰邮政小区,万柏林千峰邮政小区交通便利无物业费停车费,1800,74O
,,,
万柏林万柏林其他商圈保利百合,"西中环科技大学旁保利百合精装三居,拎包入住",2000,98O
,,,
小店长治路兴盛小区,"南北户型,拎包入住",2000,80O
,,,
小店亲贤佳地花园,体育路茂业天地佳地花园三层别墅带小院可打广告适合办公 会所等,7000,208O
,,,
小店真武路太原恒大绿洲,恒大绿洲 诚心出租 看房方便,2500,105O
,,,
小店真武路太原恒大绿洲,整租恒大绿洲旁丁香园两居,1500,60O
,,,
小店昌盛街牛奶厂宿舍,昌盛街一中浦东经典附近牛奶厂宿舍停车方便干净整洁速度了,1200,86O
,,,
小店人民路小店十二局宿舍,阳光芳汀通达街文化大厦万豪新天地坤泽十里真武路坞城南路,1100,66O
,,,
小店长风华城,"旧晋祠路 六十三区房,家具家电齐全 拎包入住",2000,"74O
            "
,,,
小店并州南路太航小区,可月付合租 太航小区 精装三居拎包入住带三部空调 亲贤街佳地,2700,93O
,,,
小店太榆路太原万科城,万科城 太榆路南中环街 太原南站 精装大两居 迎宾汽车站,2700,108O
,,,
万柏林千峰区委宿舍,万柏林区委宿舍全家具家电精装修无物业费停车费,2000,78O
,,,
小店康宁街海棠家园,海棠家园 50平米 一个月1300,1300,50O
,,,
小店龙城大街龙城新居,龙城新居 两居室 温馨小窝 欢迎入住 家具可配.,1666,93O
,,,
小店长风半山国际,有钥匙 随时看房 长风街 半山国际精装修 采光好适用于办公,15000,600O
,,,
小店人民路浦东雅典,浦东雅典 一室一厅 朝南户型 采光 带家具 拎包入住,1300,58O
,,,
小店晋阳街云水世纪明珠项目,晋阳街 云水世纪明珠 北美八一九一实验三中君威 精装两居齐全,2500,98O
,,,
杏花岭敦化坊金林佳园,敦化坊 北河湾东街 金林佳园 精装朝南两居 全家具家电 拎包入住,2000,85O
,,,
小店晋阳街云水世纪明珠项目,晋阳街北美N1 云水世纪明珠 两室一厅家电齐全拎包入住有钥匙,2500,92O
,,,
小店南中环南中环北张小区,"单间 体育路,南中环,北张住宅小区,1室1厅1厨,图片真实",1300,40O
,,,
小店经济技术开发区中泽纯境,小店小店中泽纯境好房低价出租,840,90O
,,,
,,,
,,,
迎泽文庙新城南街中行宿舍,"新城东街,大两居,随时看房",1500,74O
,,,
小店昌盛街坤泽十里城,"交通方便,采光好 有需要联系我",2000,142O
,,,
尖草坪小商品批发市场恒大名都,这样的房子错过决不再有!不看你真会后悔!,2000,92O
,,,
小店体育南路坞城世纪花园,体育南路坞城世纪花园精装两居出租,2600,102O
,,,
小店滨河东路汾河景观360,南中环 滨河东路清控创新基地 汾河景观360 殷家堡小区 精装2居,3000,98O
,,,
小店富士康小店四组小区,真武路富康街小店四组康宁大卖场万马仕底价出租看房方便价格可议,1400,50O
,,,
杏花岭五龙口白龙庙小区,白龙庙街北机铁路宿舍 随时看房 随时入住 交通方便,1250,70O
,,,
小店长风百德尚景,双语背后 百德尚景 出行方便,2300,96O
,,,
小店长治路城市密码,长治路 南内环街口 城市密码小区 复式 精装修 家具家电齐全,2300,100O
,,,
小店平阳君怡,复试精装240平办公出租平阳路晋阳街联合大厦君怡小区旁纳达大厦,5000,240O
,,,
迎泽双塔东西街中正悦湾,朝阳街服装城拎包入住家电齐全低价出租交通便利随时看房,2400,90O
,,,
小店长治路大唐智能花园三期,长治路王村北街交汇 精装高层 住商均可 性价比出租,4000,150O
,,,
小店人民路康馨苑,康馨苑2室1厅1卫,1666,100O
,,,
小店晋阳街新源小区,晋阳街 实验3中附近 2居室齐全 拎包入住,2100,61O
,,,
小店龙城大街龙城天悦,龙城大街 新五中旁 东篱公园 龙城天悦,2000,120O
,,,
小店许坦东西街路桥公司宿舍,"许坦西街!师范街,党校路!煤炭局路桥宿舍",2500,125O
,,,
迎泽朝阳街春天广场,服装城圣雅东方红东都附近精装一居室出租全家具家电拎包入住,1250,50O
,,,
万柏林长风西大街万科金域国际,长风西街 万科金域国际 南北同透 低价出租 随时看房,2300,92O
,,,
迎泽柳巷柳巷云路街三中宿舍,月付 柳巷 铜锣湾 联通宿舍 精装一居室 交通便利,1400,40O
,,,
小店晋阳街和泰花园,和泰花园2室1厅1厨1卫出租,2200,108O
,,,
小店长治路城市密码,南内环长治路口阳光数码港城市密码精装两居可月付,2750,85O
,,,
小店富士康城南都市嘉园,城南都市家园小区交通便利业主诚心出租看房方便,1800,100O
,,,
小店建设南路建南联运宿舍,二营盘 建南汽车站 朝东两居室 有钥匙看房方便,1200,65O
,,,
杏花岭北大街天天家园,北大街 建设路 天天家园小区 精装修 家具齐全 拎包入住,1500,55O
,,,
小店真武路万豪新天地,通达街万豪诚品阳光芳汀文化大厦幸福家园坤泽十里城,1333,85O
,,,
小店人民路阳光揽胜,通达街与人民南路交叉口,1750,90O
,,,
小店建设南路中正花园,租房子建设南路亲贤北街太堡街瑞生丽园旁中正花园一室,2000,50O
,,,
迎泽双塔东西街中正悦湾,价格面议 省人民医院双塔街东岗路南内环并州路青年路体育路,2600,85O
,,,
小店长风半山国际,有钥匙 随时看房 长风东街绿地半山国际花园临街商铺200平精,15000,200O
,,,
,,,
,,,
小店南中环文锦世家,繁华地段住家办公均可晋阳街体育路北美金棕榈文锦世家整租精装两,1800,108O
,,,
迎泽双塔东西街玲珑琚,月付省并州东西街人民医院中正天街时代特区日报社玲珑琚精装拎包,2500,97O
,,,
小店学府街中辐院小区,学-府-街 体育路 体育西路附近 中辐院西区 环境优美,1700,50O
,,,
小店真武路太原恒大绿洲,恒大绿洲小区环境优美 设施齐全 豪华装修,2800,100O
,,,
小店亲贤中煤七处宿舍,27中旁边低价出租便宜出租并州南路二营盘中煤七处宿舍,1350,70O
,,,
小店南中环南中环北张小区,晋阳街《3居豪华装修》北张小区附近 带空调 南北通透 可长租,3599,130O
,,,
小店人民路阳光揽胜,S次出租 人民南路阳光揽胜 精装南北通透两居室 拎包入住,1500,86O
,,,
小店坞城山西煤炭职业技术学院宿舍,街 煤校宿舍 二居室 精装干净整洁 离八一 九一 山大附 近,2900,70O
,,,
小店亲贤宏盛花园,可月付 建设的南路 太堡街 宏盛花园精装两居 可随时拎包看,2500,98O
,,,
小店经济技术开发区华旗地和苑,九一学校附近地和苑小区,2000,110O
,,,
万柏林漪汾漪汾苑,漪汾街 漪汾苑 精装两居 干净整洁 房东随和 看房方便 有钥匙 急,1500,70O
,,,
迎泽桥东街东岗小区,并州东路南三巷 配套齐全 南北通透 出租 随时看房,2300,106O
,,,
小店长风华德广场,可月付 长风街平阳景苑华德广场 精装两居 拎包入住 停车方便,3000,112O
,,,
小店并州南路送变电宿舍,坞城北街体育路送变电宿舍 公园、北美、大卖场 拎包入住看房,1500,42O
,,,
小店建设南路白云小区,租房子建设南路亲贤北街太堡街宏盛花园旁白云小区两室简单家具,1800,107O
,,,
小店滨河东路小马花园,住家办公均可晋阳街滨河东路馨和佳苑旁小马花园南北通透精装三居,2500,180O
,,,
小店太榆路太原万科城,太原南站万科城 太榆路 空家精装 居家两居室 低楼层 随时看房,2000,89O
,,,
迎泽双塔东西街东港嘉园,整租丨东港嘉园 并州东街 东岗路 省人民医院 铁一中 随时看,2600,90O
,,,
迎泽柳巷金湾小区,柳巷 开化寺 食品街 金湾小区 家居家电 拎包入住 看房方便,2300,88O
,,,
万柏林漪汾漪汾苑,漪汾苑外国语 两居 60平米 家具家电齐全 中间层随时看房,1200,"60O
            "
,,,
小店北营颐龙佳园,龙城北街黄陵路 荣军医院旁 精装三居室 拎包入住,1850,122O
,,,
小店平阳君怡,君怡创新城 2室2厅1卫,2500,100O
,,,
小店学府街学府小区,出租 学-府-街 党校路 小区 精装三居 拎包入住 随时看房,2300,100O
,,,
小店建设南路白云小区,建设南路 亲贤北街 盛世大厦附近 白云小区 高层两居随时看房,1900,104O
,,,
小店平阳金郡小区,月付 长风街 平阳路 平阳景苑 精装三居 拎包住 和信摩尔后,4000,160O
,,,
小店晋阳街新源小区,晋阳街 实验3中附近 2居室齐全 拎包入住,2100,61O
,,,
小店亲贤金地苑,茂业天地旁 金地园豪华2居室 业主首租 价格可谈 拎包入住,3300,100O
,,,
小店长治路阳光银座二期,长风街长治路《阳光银座》两居 精装 拎包入住 7.22新上房源,3000,71O
,,,
小店人民路康馨苑,康馨苑2室1厅1卫,1666,100O
,,,
,,,
,,,
小店康宁街自由度,"幸福香寓两居,南北通透,采光很好的房子,需要的联",1500,88O
,,,
晋源义井兰亭御湖城,整租 北堰 兰亭御湖城 精装 3室2卫家具齐全 有钥匙,2200,107O
,,,
迎泽并州东西街汽贸苑,月付 价格面议省人民医院并州东街桥东街建设路服装城火车站,1700,65O
,,,
晋源义井兰亭御湖城,长兴南街和平南路 华润 华城 化建大厦便民服务中心拎包入住,900,40O
,,,
万柏林滨河西路长岛国际,新房出租 滨河西路 长岛国际 精装大三居 带空调齐全拎包月付,4500,144O
,,,
迎泽新建南路中铁三局宿舍,南海街中铁三居,3000,105O
,,,
杏花岭旱西关太原房地产开发公司宿舍,单位宿舍大三居费用低入住成本低配套齐全,2500,114O
,,,
小店晋阳街云水世纪明珠项目,晋阳街 体育路 北美N1 精装修 家具家电齐全 拎包入住 房东直租,2498,97O
,,,
迎泽迎泽其他商圈三监宿舍,西太堡街 三监宿舍精装3居室 家电家具全齐 拎包入住 随时看房,2250,90O
,,,
小店人民路阳光揽胜,通达街与人民南路交叉口,1750,90O
,,,
小店学府街中辐院小区,中辐院东小区 3室2厅1卫,2800,107O
,,,
小店龙城大街新庄小区,"黄陵村,南站边上,新庄小区,俩居室,有家具家电,看房方便",1500,70O
,,,
小店人民路小店区政府宿舍,中铁十二局宿舍 90平米 一个月1550,1550,90O
,,,
小店并州南路百桐园,好消息 租房送露台 可月付 百桐园 精装一居 亲贤街茂业周边,1900,40O
,,,
杏花岭大东关新源里小区,东中环 大东关 宜家上东城 全家具家电 拎包入住,1900,98O
,,,
小店龙城大街龙城天悦,龙城大街龙城天悦一居1300一月,1200,56O
,,,
晋源义井富嘉园,富嘉园精致一室一厅 全家具家电 出行便利 视野好,1500,"65O
            "
,,,
小店亲贤文湃苑,百桐园茂业附近 小区环境安静 治安良好 家具家电齐全,1450,42O
,,,
小店晋阳街新源小区,南中环 体育路 带空调《温馨小2居》 干净整齐 交通便利,2100,61O
,,,
迎泽柳巷景观新贵豪庭,月付 精装修 景观新贵 随时看 五一 进山,2100,80O
,,,
小店人民路浦东雅典,整租 人民南路浦东雅典小区 周边生活方便 看好及时联系,1300,53O
,,,
小店长治路文华苑,文华苑高层电梯房 南北豪装四居 北美新天地三48中,4000,160O
,,,
迎泽香榭丽庭,水西门 香榭丽庭 中间楼层 精装 2室1厅 交通便利 可停车,2500,68O
,,,
杏花岭小东门面粉二厂宿舍,五一路 小东门 山大二院 3室1厅 南北通透 精装修,1800,80O
,,,
万柏林迎泽西大街太原奥林匹克花园,迎泽西大街居然之家旁 奥林匹克花园 精装2居随时看房,1700,85O
,,,
小店长治路文华苑,店长 长风街长治路 阳光银座旁文华苑 精装一居合租 拎包入住,950,"40O
            "
,,,
小店长治路山西金金业集团宿舍,亲贤街长治路 茂业天地 金业集团 精装4居空家 办公会所 月付,6000,260O
,,,
万柏林和平路前一万山,化二建前一万山中等装修2室出租 先到先得,1500,"60O
            "
,,,
小店长治路文兴苑,街长治路 文华苑合租精装一居拎包入住 附近北美 沃尔玛家乐,999,141O
,,,
,,,
,,,
杏花岭府东府西鼓楼小区,柳巷 食品街 鼓楼街 全家电家具 拎包入住 看房方便,2500,90O
,,,
小店人民路锦都苑,平阳南路 汾东北路西一巷 小店街道二中 嘉隆明城 军益苑,1666,96O
,,,
万柏林和平路十二院城,十二院城 精装两居 电梯房 全家电全壁纸 和平南路 南内环西街,2310,95O
,,,
小店长治路新辰小区,新辰小区 大单间 长治路 学-府-街 带独立卫生间,1600,40O
,,,
小店龙城大街龙城新居,龙城大街 省农机研究院宿舍 新五中 机场 南站 太榆路 交通便利,2000,101O
,,,
小店亲贤宜家美墅,可月付 亲贤街 茂业天地正 宜佳美墅 小型别墅 安静舒适,5500,240O
,,,
小店北营颐龙佳园,南站旁 龙城大街 荣军医院 八学旁 颐龙小区,2000,100O
,,,
小店长风龙鼎花园,长风东街美特好 万科紫台旁 龙鼎花园 精装三居两卫 齐全入住,2500,140O
,,,
晋源义井晋阳・峰Z,长风商务区化建大厦晋阳峰Z 精装两居 采光好 交通便利,1800,75O
,,,
小店长风华城,旧晋祠路 华城小区 三居 拎包入住,2200,105O
,,,
迎泽朝阳街景泰花苑,服装城朝阳街鞋城附近景泰花苑2室2厅1卫家具家电齐全能月付,2000,100O
,,,
小店长风汉唐官邸,茂业 汉唐官邸 周围王 府 井 梅园百盛 家具齐全,1199,45O
,,,
小店长治路新城市花园,长治路南内环 小区 新城市花园精装大三居 首租 拎包入住,4200,150O
,,,
迎泽五一广场金地世嘉,金地世家 精装修 三立附件 白菜价 高层带电梯 交通方便,1666,60O
,,,
小店体育南路开元北小区,"开元小区,临街高层,三居145空家,停车方便,付钱灵活,",2800,145O
,,,
小店体育路亲贤苑,体育路 体育西路 长风街 亲贤苑 大两居 急租,3000,105O
,,,
小店真武路太原恒大绿洲,恒大绿洲真武路低价出租房子厨卫齐全家具齐全看房方便,2200,98O
,,,
万柏林华峪东区,华峪东区 精装两居 全家电 押一付井峪街 西中环路,2100,86O
,,,
万柏林漪汾漪汾苑,漪汾苑凤凰双语二层南北通透全明户型全家具能洗澡诚租,1500,55O
,,,
小店平阳企发包装材料厂宿舍,急租 平阳路 学-府-街 包装材料厂宿舍 精装三居两卫 拎包入住,3700,138O
,,,
万柏林和平路太原富力现代广场,长风西街 富力现代 子母车位出租 可以挺3辆小车 大车停两辆,600,30O
,,,
迎泽柳巷茂业百货住宅楼,柳巷 茂业百货 精装 繁华商圈 交通便利 配套成熟,3000,103O
,,,
小店长风御苑1号,小店长风街体育西路 北美新天地 旁 亲凤苑 精装一居 拎包入住,1900,56O
,,,
万柏林下元商圈中海・寰宇天下,新晋祠路 迎泽桥西 滨河西路 黄.金地段中海寰宇天下 汾河,4500,125O
,,,
迎泽朝阳街晨光上东,服装城朝阳街山姆士东旭精装两居两卫出租拎包入住,2350,100O
,,,
小店学府街学府街农行宿舍,"坞城中路,街,农行宿舍,紧挨九一,顶层复式,采光好",2500,120O
,,,
小店长风汉唐官邸,亲贤北街 体育路 茂业天地附近 云山饭店宿舍 三室一厅 拎包入住,2200,85O
,,,
迎泽双塔东西街邮电双东小区,省人民医院双塔寺街双东邮电小区时代特区郦苑国际方便面宿舍,2300,100O
,,,
杏花岭北大街胜利桥小区,北大街 金刚堰 胜利桥东附近 一室一厅 拎包入住 押一付一,1250,45O
,,,
,,,
,,,
迎泽迎泽其他商圈东景苑,东景苑新房未住过精装修带家具家电拎包入住月付1750,1750,96O
,,,
小店建设南路中正花园,茂业天地 复式一居 支持月付 亲贤建设路 随时入住,2000,60O
,,,
小店体育南路开元北小区,许坦西街体育路开元北区 精装3室 办公员工宿舍都行 省委党校 看,2500,120O
,,,
小店真武路太原恒大绿洲,小店区恒大绿洲东区精装两居拎包入住急租,2500,90O
,,,
小店体育路君泰・中央公园,可短租酒店式公寓拎包入住体育路龙城北街北美N1君泰公园豪装一居,2000,75O
,,,
小店昌盛街坤泽十里城,小店昌盛街坤泽十里城 2室1厅1卫 带家具 随时看房 有钥匙,1600,92O
,,,
万柏林滨河西路滨河花苑,望景路滨河花苑三室两厅全家具家电好房出租紧挨电视台民政厅宿舍,3488,150O
,,,
小店亲贤民生国际,茂业天地旁 民生国际100平临街办公房 美容 美甲 养生 办公都可,2500,100O
,,,
万柏林千峰茂华小区,"永乐南街 彭西四巷 茂华小区 精装 拎包入住,新换纱窗 年付",1500,65O
,,,
万柏林漪汾漪汾苑小区,"漪汾苑,校区旁边,上下学方便 南北通透 家具齐全,拎包入住",1600,63O
,,,
小店亲贤宏盛花园,可月付 建设的南路 太堡街 宏盛花园精装两居 可随时拎包看,2500,98O
,,,
小店学府街煤炭医院家属楼,街医院宿舍 可拎包入住,2500,62O
,,,
万柏林漪汾漪汾苑,漪汾街 漪汾苑 2层 精装两居 干净整洁 拎包入住 看房方便 有钥匙,1600,60O
,,,
小店长治路新城市花园,南内环长治路 新城市花园精装两居 家具家电齐 随时看房,2500,100O
,,,
迎泽朝阳街华宇朝阳小区,朝阳街服装城双塔北路精装修拎包入住低价出租交通便利随时看房,1660,100O
,,,
小店坞城省电建四公司亲贤小区,八一街 体育路 电建四公司 底价出租 先到先得,1500,60O
,,,
小店富士康城南都市嘉园,城南都市嘉园学校商城公交市场,1250,41O
,,,
迎泽大南门庙前小区,水西门 庙前小区 2室 电梯 近 交通便利 配套成熟,1300,40O
,,,
小店许坦东西街府园东居,"街东延,双语,紧挨美特好超市府园东居,",2000,90O
,,,
迎泽双塔东西街建业小区,桃南小学跟前 海校宿舍,2800,98O
,,,
小店人民路中世汇源,电子街 富康街 真武西路 颐园街 恒大绿洲西区,1666,126O
,,,
迎泽朝阳街双北小区,朝阳街服装城精装修拎包入住家电齐全低价出租交通便利随时看房,1500,70O
,,,
小店南中环文锦世家,北张小区南 文锦 精装三居 落地窗 全明户型 办公 随时看房,3499,130O
,,,
万柏林下元商圈太原万科蓝山,万科蓝山三居拎包可月付 房东急租和平南路富力现代 特价房,2800,101O
,,,
小店康宁街欢乐林栖,康宁街欢乐林栖大二居家具家电都有,1700,100O
,,,
万柏林千峰玉门小区,西客站 玉门小区 急租次卧一间 随时看房 付款灵活,500,20O
,,,
小店汾东路新世纪住宅小区,汾东路新世纪花园W校医院公交,1900,90O
,,,
迎泽南内环南内环小区,南内环长治路体育路大营盘阳光数码港财富大厦恒地大厦两居室,1500,50O
,,,
万柏林滨河西路南屯苑,整租 新晋祠路 南屯苑附近一室一厅 朝南 家具齐全 拎包入,1400,45O
,,,
,,,
,,,
小店人民路浦东雅典,浦东雅典一室一厅朝南户型采光带家具拎包入住,1200,59O
,,,
小店长治路嘉苑小区,"办公,住宿两用。小区环境好,装修满分",3500,157O
,,,
小店真武路太原恒大绿洲,恒大绿洲一年三万,2500,90O
,,,
小店并州南路并州南路煤科苑,亲贤长风并州太航大酒店 煤科院 物资厅宿舍 拎包2,1850,60O
,,,
尖草坪胜利桥乾泽苑,胜利桥西 滨河西路 乾泽苑一期 精装两居室 全家具家电,1500,79O
,,,
万柏林下元商圈太原万科蓝山,万科物业直租万科蓝山 高配精装两居 品牌家具 品牌物业 高层,2600,92O
,,,
小店平阳太原保利香槟国际,平阳南路龙城北街香檀首开双语保利香槟国际南北通透精装欧式两居,2700,145O
,,,
小店康宁街欢乐林栖,康宁街欢乐林栖大二居家具家电都有,1700,100O
,,,
小店坞城佳星园小区,月付 南中环 晋阳街 北美旁 佳星园 小区安静 三居 志达,3000,135O
,,,
小店长治路文兴苑,文兴苑旁文华苑 精装三居室拎包入住 附近48中 三 沃尔玛,2800,106O
,,,
万柏林和平路义井佳园琳珑苑,西中环 琳珑苑 三居空家 万科金域 全壁纸 业主急,2000,123O
,,,
杏花岭府东府西国师街能源宿舍,国师街 十八中宿舍 离 交通便利,2200,80O
,,,
小店康宁街漪汾仙庄小区,"康宁街,有公交,有地,有超市,交通方便,购物便捷",1500,64O
,,,
杏花岭北大街河道管理处宿舍,新建路北沙河沿岸干净两居简单家具可洗澡交通方便,1500,"65O
            "
,,,
小店长治路阳光银座,长风街 长治路 文华苑 阳光银座 御苑 精装一居 拎包入住,800,30O
,,,
万柏林长风西大街西部丽景,租房 南内环 和平南路 西部丽景精装两室婚房拎包住随时看,2500,96O
,,,
小店亲贤金地苑,亲贤街茂业佳地花园旁 金地园 空家办公 精装四居 带空调,4000,150O
,,,
迎泽并州东西街清风小居,迎泽区 可月付 并州东街 铁一中 精装二室 家电齐全 拎包入住,2050,86O
,,,
小店长治路山西世贸中心,看整组可分租 世贸中心 总共110平米 天美凯宾长风 繁,2000,55O
,,,
迎泽五一广场五一路工商银行宿舍,中等装修 拎包入住 五学附近 随时看房 五一路 铜锣湾,1800,70O
,,,
小店龙城大街龙城天悦,龙城大街龙城天悦新五中东篱公园朝南两居好楼层,1500,75O
,,,
万柏林千峰郡宇万象城,千峰南路万象城 新庄北街 和平公园 精装全壁纸三居,1000,20O
,,,
杏花岭胜利街胜景天地,万达附近 上北关小区 精装一居室 拎包入住 可月付!,1600,58O
,,,
小店坞城富力・尚悦居,月付 小店龙城大街坞城路富力尚悦居精装两居 全家壁纸 精装修,2400,92O
,,,
小店人民路阳光揽胜,整租 人民路阳光揽胜小区 周边生活方便 家里温馨 精装,1850,81O
,,,
小店龙城大街新庄小区,荣军医院旁 新庄小区 精装三居 带家具家电 看房方便,2100,120O
,,,
小店真武路万豪幸福汇,小店 真武路 万豪诚品 朝南俩居室 家具家电齐全 随时看房,1800,100O
,,,
迎泽水西关水西关迎泽区委宿舍,大南门庙前水西关桃园路外贸宿舍十五中国税局省三十中,1830,80O
,,,
迎泽大南门庙前小区,水西门 庙前小区 3室1厅 电梯 精装修 近 交通便利,1700,64O
,,,
,,,
,,,
万柏林和平路太原富力现代广场,富力现代广场精装两居 拎包入住 交通便利 生活设施配套齐全,2400,90O
,,,
万柏林和平路十二院城,南内环 和平花园租房十二院城精装三室 欧式配置 拎包住随时看,2800,130O
,,,
迎泽老军营老军营西区,南内环 36中跟前 老军营西区 南北通透,1700,58O
,,,
小店康宁街海棠家园,美特好附近海棠家园精装两居户型方正拎包入住看房方便,2100,99O
,,,
万柏林长风西大街西部丽景,押一付一租房西部丽景特价房 和平南路万科蓝山 交通方便,2100,84O
,,,
万柏林千峰茂华小区,"永乐南街 彭西四巷 茂华小区 精装 拎包入住,新换纱窗 年付",1500,65O
,,,
万柏林和平路太原富力现代广场,富力现代广场精装两居 拎包入住 交通便利 三家朝南 采光很好,2500,83O
,,,
迎泽双塔东西街东港嘉园,精装建设南路并州东西街东港家园鸿辰小区省人民医院日报社卷烟厂,2000,50O
,,,
迎泽并州北路太原师范学院宿舍,可月付 南内环南三巷师范公寓宿舍 精装两居 拎包入住 停车方便,2900,97O
,,,
小店长风绿地卢浮公馆,半山国际 恒大山水城 绿地卢浮宫馆 精装三居室 随时看房,2450,106O
,,,
迎泽大南门庙前小区,水西门 庙前小区 2室1厅 繁华地段 交通便利,1100,50O
,,,
迎泽南内环太原大学师范学院宿舍,精装修高层净赚 纯正欧式业自装 性价比出租 随时看房联系,3300,90O
,,,
杏花岭胜利街富力城,"北中环富力城三期,全家具家电,精装修,停车48元/月",2000,91O
,,,
小店长风恒大山水城,租房子建设南路太榆路长风东街绿地半山国际旁恒大山水城三室,2500,120O
,,,
小店亲贤昌盛双喜城,亲贤街茂业附近昌盛双喜城公寓 豪装1居拎包入住,2400,55O
,,,
晋源义井太药D小区,和平南路 长风西街 太药D小区两室 采光好,1600,100O
,,,
小店晋阳街新源小区,晋阳街 北美旁 北张小区南面 精装二居 南北户型 随时看房,2099,82O
,,,
小店昌盛街银河公寓,银河公寓 大红本,2500,260O
,,,
小店晋阳街和泰花园,和泰花园2室1厅1厨1卫出租,2200,108O
,,,
小店长风长风家园,建设南路 长风街 长风家园 万科紫台旁 交通便利拎包入住,2100,92O
,,,
小店南中环文锦世家,家电齐全 晋阳街体育路北美云水世纪明珠文锦世家精装朝南大两居,2400,120O
,,,
晋源义井兰亭御湖城,晋祠路 环境优美 交通便利 南北通透 拎包注入,2700,126O
,,,
万柏林和平路地矿小区,和平南路 千峰南路 和平公园 地矿小区两室 拎包即住,1500,65O
,,,
小店龙城大街龙城天悦,龙城天悦精装公寓,1500,55O
,,,
小店北营金色丽城,"太榆路,普国电子城,金色丽城,两居室,1500/月,年付",1500,80O
,,,
迎泽双塔东西街玲珑琚,月付省并州东西街人民医院中正天街时代特区日报社玲珑琚精装拎包,2500,100O
,,,
小店人民路华荣小区,"人民北路,康宁街地站旁边,周边有公交,有医院,配套齐全",2000,100O
,,,
小店平阳君怡,高新区晋阳街省实验 华鼎泰富 君怡小区欧式俩居居 拎包入,2600,102O
,,,
迎泽南内环塑料五厂宿舍,老军营 菜园街 塑料五厂宿舍 南北通透 拎包入住 家具家电齐全,2200,92O
,,,
,,,
,,,
小店体育南路坞城世纪花园,体育南路坞城世纪花园精装两居出租,2600,102O
,,,
杏花岭小东门景泽苑,二院附近 五一路景泽苑中装两居 家具家电齐全 拎包入住地段好,1900,90O
,,,
迎泽文庙新城北街网通宿舍,"租的放心,住的安心。",1300,50O
,,,
小店富士康城南逸居,恒大 丁香园 电子街 城南逸居 富康街,2200,104O
,,,
小店富士康城南都市嘉园,"离富士康近,采光好好,交通方便 九学",2500,102O
,,,
小店坞城西吴苑,"龙城大街,坞城路,丽华甲第苑,精装四室,客厅大,48000一年",4000,166O
,,,
小店亲贤锅炉厂宿舍,北园街 寇庄西路 锅炉厂宿舍 亲贤街王府井旁 精装两居 家电齐全,1700,60O
,,,
小店平阳君怡,高新区 平阳路晋阳街 博雅书院 君怡小区 精装两居,2100,100O
,,,
小店真武路幸福家园,小店区幸福家园两居拎包入住急租,1333,90O
,,,
小店建设南路建南联运宿舍,二营盘 建南汽车站 朝东两居室 有钥匙看房方便,1200,65O
,,,
万柏林漪汾佳境观邸,"和平北路 万锦太和佳苑,精装一室一厅,头回出租,采光好",1500,55O
,,,
小店学府街星河广场小区,学-府-街-体育路街 星河广场 精装两居 家电家具齐全 随时看房,3150,115O
,,,
杏花岭胜利街胜景天地,解放路 胜利街胜景天地小区 可月付 精装一居随时看房拎包入住,1500,70O
,,,
小店长治路城市密码,阳光数码港 长治路城市密码 精装两居 可月付,2500,90O
,,,
小店昌盛街坤泽十里城,租房 昌盛东街坤泽十里城 南北通透大三居,2500,130O
,,,
万柏林漪汾漪汾苑,漪汾街太原实验外国语漪汾苑3居有家具能洗澡出租,1660,"70O
            "
,,,
杏花岭五一路太原大学小区,太原大学宿舍 精装房,1600,60O
,,,
小店学府街中辐院小区,学-府-街 体育路 体育西路附近 中辐院西区 环境优美,1700,50O
,,,
小店学府街中辐院小区,"中辐苑,街,体育路口,精装两居齐全,停车便宜,单位小区",2300,80O
,,,
迎泽柳巷金湾小区,柳巷铜锣湾通顺巷食品街一居室看房方便拎包住停车方便,2600,80O
,,,
小店滨河东路滨东花园,滨东花园 盘 二层 办公 空家 长风街 滨河东路4个空调,3000,150O
,,,
万柏林和平路国投小区,可月付 长风西街 国投小区 精美单间 拎包即住,850,20O
,,,
小店富士康城南逸居,出租适合办公恒大绿洲有钥匙随时看房,1999,193O
,,,
小店亲贤佳地花园,亲贤北街 佳地花园精装6居室 居家 办公 会所都可 好房,12500,360O
,,,
小店人民路阳光揽胜,小店区正阳街阳光揽胜两居室急租,1333,88O
,,,
小店昌盛街坤泽十里城,新月国际昌盛街人民路交叉口康宁街拎包入住,1666,70O
,,,
小店太榆路太原万科城,太原南站万科城 拎包入住 南北通透居家两居室 采光充足 随时看房,2500,89O
,,,
万柏林千峰西岸,西岸南区 家具家电齐全 拎包入住 千峰路新庄北街口,2000,117O
,,,
小店平阳飞云第一国际,亲贤街长治路 平阳景苑 水总花园 精装4居 拎包入住 租房月付,4500,156O
,,,
,,,
,,,
小店龙城大街新庄小区,龙城大街南站旁荣军医院八学旁新庄小区,2000,90O
,,,
小店人民路小店粮食局宿舍,"人民路,有公交,有地,有学校,出行购物便捷",1500,90O
,,,
小店滨河东路小马花园,滨河东路 小马花园精装一室一厅70平 领包入住 随时看房,1700,75O
,,,
晋源义井兰亭御湖城,晋祠路 万水 央企 环境优美 生活氛围浓厚 南北通透,1850,85O
,,,
迎泽文庙新城南街中行宿舍,"新城东街,大两居,随时看房",1500,74O
,,,
万柏林千峰大众机械厂宿舍,万柏林大众干打垒小区56中交通便利配套齐全无物业费停车费,1666,88O
,,,
小店长治路新领地,长风街长治路 新领地 精装齐全两居 拎包入住 小区环境优美,3100,"98O
            "
,,,
迎泽朝阳街育阳小区,朝阳街服装城东中环精装修拎包入住低价出租交通便利随时看房,1850,80O
,,,
小店长治路嘉苑小区,长治路亲贤街口 嘉苑小区 龙兆远景拎包 阳光地带随时看房,3500,140O
,,,
小店汾东路新世纪花园,新世纪花园 127平米 一个月2200,2200,127O
,,,
小店龙城大街龙城天悦,出租龙城大街龙城新居新庄小区旁龙城天悦精装两居,1700,86O
,,,
小店北营颐龙佳园,颐龙佳园小吴社区龙城2011新庄小区荣军医院精装三居2000一月,2000,126O
,,,
迎泽朝阳街晨光上东,服装城朝阳街山姆士东旭精装两居两卫出租拎包入住,2350,100O
,,,
迎泽朝阳街华宇朝阳小区,朝阳街服装城双塔北路精装修拎包入住低价出租交通便利,1500,79O
,,,
迎泽朝阳街东方红小区,朝阳街服装城精装修拎包入住家电齐全低价出租交通便利随时看房,2000,90O
,,,
小店龙城大街龙城天悦,龙城大街 龙城天悦 新五中 东篱公园 朝南两居 好楼层,1500,75O
,,,
小店长风北美新天地,长风街长治路北美新天地 精装两居室 大卖场 地铁口 看房方便,3600,88O
,,,
小店经济技术开发区中铁十七局建筑公司家属楼,中铁十七局旁边 交通 医院 学校。,1333,80O
,,,
万柏林漪汾漪汾苑,漪汾街去外国语实验几步远 漪汾苑精装修 拎 包 入 住,1666,"50O
            "
,,,
小店平阳金郡小区,可月付 长风街平阳路金郡小区 精装两居 拎包入住 交通便利,2600,90O
,,,
小店建设南路捷泰苑,整租 长风街建设南路口中正花园捷泰苑青城公寓昌盛喜城,2800,100O
,,,
小店真武路太原恒大绿洲,小店区恒大绿洲东区精装两居拎包入住急租,2500,90O
,,,
迎泽朝阳街安装公司宿舍,建设南路 亲贤北街 张家巷 二建宿舍 精装两居 拎包入住,1500,52O
,,,
迎泽桃园北路省农业厅宿舍,府东府西桃园四巷水西关启迪园农业厅宿舍十五中市政府桃园xx,1650,80O
,,,
小店长治路城市密码,"南内环长治里寇庄西路城市密码空家出租,适合办公,交通便利,",2300,90O
,,,
万柏林滨河西路南屯苑,单间 长风商务区万国城南屯北精美小公寓 可月付,1150,40O
,,,
小店长风怡然家园,新上好房 居家之首 温馨两居 龙堡街 知达常青藤旁 怡然,2200,88O
,,,
小店龙城大街龙城天悦,龙城大街 龙城天悦 朝南两居 家电齐全 领包入住,1700,75O
,,,
迎泽大南门庙前小区,海边街 庙前小区 2室1厅 电梯 交通便利 近 中间层,1200,65O
,,,
,,,
,,,
小店坞城佳星园小区,新上房源 手慢无 晋阳街 坞城路 御龙庭 佳星园 随时看,3999,135O
,,,
小店体育路山汽小区,无中介费 亲贤街体育路口 茂业 王府井 山汽小区 合租房随时看,850,30O
,,,
小店长治路佳合美地,亲贤街体育路 奥林花园 佳合美地 精装欧式2居 拎包入住 月付,2700,96O
,,,
小店亲贤金泽大厦,亲贤北街茂业天地金泽苑小区5部空调 会所住家免费停车无物业,5833,176O
,,,
小店长治路阳光银座,长风街长治路北美新天地阳光银座精装两居好房出租,2500,80O
,,,
小店平阳君怡,君怡创新城 1室1厅1卫,2400,70O
,,,
晋源义井兰亭御湖城,单间 月付 月付 月付和平南路 长兴南街兰亭御湖城,500,30O
,,,
小店平阳君怡,小店区平阳路晋阳街清控山西大医院附近博雅书院君怡小区精装一居,1250,50O
,,,
小店长风北美新天地,长治路口北美新天地精装两居室 可居住可办公 可年付也可月付,3900,76O
,,,
小店长治路新领地,长风街 北美 长治路 高层 大三居,5000,147O
,,,
小店长治路文华苑,长风街长治路 文兴苑旁文华苑 南北两居 中间层 拎包入住 随时看,2400,80O
,,,
万柏林和平路化二建前一万山,和平南路千峰南路 化二建小区两室 拎包即住,1300,50O
,,,
小店长风万科紫台,亲贤长风街建设路 万科紫台 三居 支持月付 随时入住 茂业旁,3500,140O
,,,
小店南中环文锦世家,"晋阳街体育路口北张小区,文锦世家精装2居北美N1随时看房",2500,101O
,,,
小店长风万科紫台,新上好房 居家之首 长风东街 美特好旁 万科紫台 精装三居,3500,99O
,,,
小店人民路康馨苑,小店嘉隆明城康馨苑精装一居出租朝南家具齐全领包入住,1099,60O
,,,
小店南中环千禧锦绣苑,空调费 低价租 南中环锦绣苑 拎包入住,2300,86O
,,,
小店富士康城南逸居,坞城南路彩虹街丨城南逸居小区丨随时看房丨交通便利丨诚心出租,2200,103O
,,,
迎泽柳巷柳北热力公司宿舍,柳巷 大南门 柳北一号 全家电家具 拎包入住 看房方便,2000,40O
,,,
小店亲贤中煤七处宿舍,亲贤街体育路 佳地花园中煤七处 单位精装齐全2居 月付随时看,2100,80O
,,,
万柏林千峰来福花园,精装修 拎包入住 800到2000以上,800,30O
,,,
迎泽桥东街桥东小区,火车站附近桥东街可员工宿舍可住家桥东小区大三居随时看房,1701,80O
,,,
小店长治路阳光地带,亲贤街 长治路 永康街 阳光地带 王府井旁 豪华三居 拎包入住,4166,148O
,,,
小店建设南路狄公公寓,月付 价格面议省人民南内环建设路东岗路体育路长治路昌盛双喜城,1700,80O
,,,
小店人民路阳光揽胜,育才小店人民南路阳光揽胜精装两居室楼层高采光,1799,90O
,,,
杏花岭五一路晋商银行宿舍,五一路 精营东二道街 晋商银行单位宿舍 看房方便 交通便利,1800,80O
,,,
迎泽青年路青年路水机厂宿舍,青年路 五中附近柳巷 地理位置优越 大三居可拎包入住随时看,2700,100O
,,,
小店人民路康馨苑,康馨苑2室1厅1卫,1600,100O
,,,
小店人民路康怡小区,小店区人民路康怡小区房屋低价急租,1800,110O
,,,
,,,
,,,
小店人民路小店4370厂宿舍,小店人民路小店十七局60平米2室1厅1卫,1200,60O
,,,
迎泽朝阳街服装城昕利小区,服装城朝阳街东都附近昕利小区4室1厅1卫家具家电齐全,2400,125O
,,,
小店北营颐龙佳园,"颐龙家园,荣军医院旁,⑧①xiao学旁,头回低价,1900/月,两居",1900,91O
,,,
小店晋阳街云水世纪明珠项目,体育路 北美旁 两居 家具家电齐全 朝南 大阳台 随时看房,2499,97O
,,,
小店太榆路太原万科城,太原南站万科城 拎包入住 精装修居家两居室 可月租月付,3000,85O
,,,
迎泽朝阳街东山雅居,"东山雅居三居室,价格可议!",2200,95O
,,,
小店康宁街欢乐林栖,康宁街欢乐林栖大二居家具家电都有,1700,100O
,,,
小店长风怡安公寓,军民路 怡安公寓三居室 低价出租 交通便利 看房方便,2600,101O
,,,
迎泽老军营老军营小区,南内环 老军营西区 南北两居室 看房方便 有钥匙 可合租,1250,60O
,,,
小店滨河东路坤杰・拉菲香榭,拎包入住滨河东路保利香槟国际星河湾旁拉菲香榭南北通透精装两居,1600,80O
,,,
万柏林千峰纺织苑,万柏林纺出租织苑精装修全家具家电南北通透无物业费停车费,2200,90O
,,,
迎泽柳巷茂业百货住宅楼,柳巷 茂业百货 精装 繁华商圈 交通便利 配套成熟,3000,103O
,,,
小店康宁街晋阳紫城,"这样的好房子,你还要等吗?晋阳紫城,拎包入住,随时看房。",24000,80O
,,,
迎泽双塔东西街东港嘉园,月付价格面议 省人民医院双街东岗路东港家园中正悦湾三餐源,1700,121O
,,,
晋源义井义井化二建宿舍,义井南三巷 实验 精装3居 出租,2000,105O
,,,
万柏林和平路富力现代,长风西街 和平南路 精装两室 可住可办公 拎包即住,2100,90O
,,,
小店长治路奥林花园,亲贤街长治路 天美新天地 奥林花园 精装3居 拎包入住 月付,4000,143O
,,,
万柏林下元商圈太原万科蓝山,万科物业直租 和平路 万科蓝山 富力现代广场 精装修两居 拎包住,2700,93O
,,,
小店亲贤水总宿舍,亲贤街平阳路 平阳景苑 水总花园 精装2居 拎包入住 月付,2500,65O
,,,
小店真武路太原恒大绿洲,电子街坞城南路富康街美都汇康苑雅居康宁街恒大商业,2200,98O
,,,
小店人民路康馨苑,康馨苑2室1厅1卫,1600,100O
,,,
迎泽朝阳街晨光上东,朝阳街双塔北路晨光上东家电齐全低价出租拎包入住随时看房,1500,60O
,,,
迎泽南内环迎宾小区,南内环 建设路口 商务 办公 提供车位 宽带接入 独立电梯,10850,600O
,,,
杏花岭府东府西桃园一巷国税局宿舍,"府西街,桃园北路",1800,50O
,,,
小店康宁街欢乐林栖,康宁街欢乐林栖大二居家具家电都有,1700,100O
,,,
小店人民路浦东雅典,浦东雅典精装1居室家具家电齐全真实图片,1800,60O
,,,
小店昌盛街坤泽十里城,月付 公寓出租 昌盛街 坤泽十里城 拎包入住 停车方便,1500,55O
,,,
万柏林华峪东区,华峪小区 全家具家电 三居室 低层 小井峪街 西中环路 迎泽西大街,1600,90O
,,,
小店人民路华荣小区,人民北路华荣小区出行方便可月付,1400,103O
,,,
,,,
,,,
小店建设南路白云小区,双塔南路 白云小区精装3居室 价格可谈 拎包入住 可月付,2600,120O
,,,
尖草坪小商品批发市场恒大名都,恒大名都朝南两居可做婚房干净整洁,2000,95O
,,,
小店长风华城,旧晋祠路 南三巷 华城小区 两居,1900,74O
,,,
万柏林千峰润景・园著,润景园著 南内环西街 精装两居 全家具家电 南北户型出行方便,2600,93O
,,,
迎泽朝阳街育阳小区,朝阳街服装城精装修拎包入住交通便利育阳小区交通便利,2000,80O
,,,
小店亲贤南城区卫生局宿舍,一层 亲贤街 太航医院 佳地花园西侧 麻将馆,1667,65O
,,,
小店昌盛街坤泽十里城,小店昌盛街 坤泽十里城精装南北通透三居室 拎包入住 随时看房,1750,118O
,,,
小店学府街中辐院小区,出租体育路 学-府-街 煤炭医院旁 中辐院 两室一厅精装房屋,2300,80O
,,,
小店亲贤昌盛双喜城,亲贤街 昌盛双喜城 欧式精装2居 交通方便能停车 随时看,5000,110O
,,,
小店人民路俪和苑,电子街 富康街 颐园街 旧世纪花园 南北通透,1700,135O
,,,
小店长治路文兴苑,长治路口精装三居 紧挨48中 太师三 文华,3500,120O
,,,
小店龙城大街龙城天悦,出租龙城大街龙城新居新庄小区旁龙城天悦精装两居,1700,86O
,,,
杏花岭五一路解放路机械进出口公司宿舍,五一路 山大二院附近 机械进出口宿舍 简单装修 独立厨卫,1700,70O
,,,
小店长治路文华苑,文华苑旁边文兴苑精装修两居拎包入住适合合租和居家住,3000,100O
,,,
万柏林漪汾漪汾苑,漪汾街 漪汾苑 4层 精装两居 干净整洁 房东好说话 看房方便 急租,1500,60O
,,,
万柏林千峰郡宇万象城,千峰南路 万象城 不收中介费 合租房 精装修 付款灵活,700,25O
,,,
小店亲贤佳地花园,亲贤街茂业天地旁太航苑南北通透三层别墅适合办公会所美容院,7000,210O
,,,
迎泽老军营老军营小区,先租先得老军营北区四层,2500,75O
,,,
小店人民路小店4370厂宿舍,小店人民路小店十七局60平米2室1厅1卫,1200,60O
,,,
小店并州南路并州南路煤科苑,亲贤长风并州太航大酒店 煤科院 物资厅宿舍 拎包2,1850,60O
,,,
小店真武路太原恒大绿洲,小店区恒大绿洲大三居空家出租,2200,140O
,,,
小店人民路阳光揽胜,S次出租 人民南路阳光揽胜 精装南北通透两居室 拎包入住,1500,86O
,,,
小店建设南路捷泰苑,长风东街 捷泰苑 两居室 太榆路 家电齐全 拎包入住,2600,96O
,,,
小店人民路华荣小区,人民北路华荣小区出行方便可月付,1400,103O
,,,
万柏林千峰西岸,西岸精装小三居 随时看房 家具家电齐全 拎包入住,2500,113O
,,,
万柏林和平路太原富力现代广场,长风西大街 交通便利 拎包入住 采光好 精装修,2200,90O
,,,
杏花岭敦化坊太铁北河湾宿舍,胜利东街 太铁胜利小区 南北三居 高楼层 厨卫齐全 空家 随时看房,1800,114O
,,,
迎泽朝阳街华宇朝阳小区,服装城朝阳街正大美佳东方红圣雅附近精装一室出租婚房,1500,60O
,,,
小店真武路太原恒大绿洲,真武路精装修富士康电子街太原恒大绿洲3室1厅2卫,2500,118O
,,,
,,,
,,,
小店平阳君怡,高新区南中环平阳路 实验旁 君怡小区 精装两居处女房,2400,90O
,,,
小店经济技术开发区中泽纯境,便宜 拎包入住,850,80O
,,,
小店康宁街天赐康缘,精装修拎包入住带家具家电,2000,113O
,,,
小店平阳金慧小区,长风街平阳路 金慧小区 南北通透 精装齐全 拎包入住 随时看房,2800,100O
,,,
万柏林滨河西路万水澜庭西区,和平南路 南内环西街 千峰路口 万水澜庭 精装三居 可看房,2800,128O
,,,
小店龙城大街新庄小区,"黄陵村,南站边上,新庄小区,俩居室,有家具家电,看房方便",1500,70O
,,,
小店昌盛街汇丰国际,汇通丽城昌盛街人民路,700,50O
,,,
小店真武路太原恒大绿洲,电子街 坞城南路 富康街 美都汇 康苑雅居 康宁街 恒大商业,2200,98O
,,,
晋源晋阳湖梧桐院,整租 南中环君威玉泉龙苑梧桐院精装一居带家具电器拎包入住,1666,75O
,,,
万柏林千峰西岸,千峰南路 西岸小区 大三居 交通便利 低价出租,2400,130O
,,,
迎泽老军营老军营小区,老军营北区,2800,73O
,,,
小店康宁街漪汾仙庄小区,"康宁街,有公交,有地,有超市,交通方便,购物便捷",1500,64O
,,,
小店亲贤昌盛双喜城,亲贤街并州路 昌盛双喜城 豪装1居随时看房,3000,50O
,,,
万柏林和平路逸宸新境界,逸宸新境界 和平南路 和平公园 精装三居 家具家电齐全 月付,2000,112O
,,,
迎泽文庙上马街住宅小区,下元,2000,50O
,,,
小店长风百德尚景,双语背后 百德尚景 出行方便,2300,96O
,,,
尖草坪小商品批发市场恒大名都,恒大名都省心出租房家电齐全即可,2200,95O
,,,
小店康宁街漪汾仙庄小区,"漪汾仙庄小区,位置康宁街 繁华街道 交通方便",1250,80O
,,,
迎泽桃园南路山西省地震局宿舍,桃南 精装大三室 地震局宿舍 桃园南路 双塔西街 西里街,2100,"100O
            "
,,,
万柏林和平路太原富力现代广场,富力现代精装两居,2300,90O
,,,
小店学府街山西大学宿舍,街 坞城路 山西大学家属楼 短租900/月,900,25O
,,,
杏花岭小东门东华警苑,东华门18号回迁楼 俩室 2层超低价格出租,1200,50O
,,,
万柏林下元商圈中海・寰宇天下,新晋祠路 迎泽桥西 滨河西路 黄.金地段中海寰宇天下 汾河,4500,125O
,,,
尖草坪胜利桥汇丰苑金座公寓,兴华街 文兴路口 装城楼上 精装 家具家电齐全 随时可看,2500,105O
,,,
杏花岭胜利街融田小区,"赛马场迎春街 东唐花园,精装空家两居室,小区环境好",2000,84O
,,,
万柏林和平路前一万山,和平南路义井街 万柏林实验旁 精装两居干净整洁 南北通透,1500,68O
,,,
小店康宁街康宁小区综合楼,整租康宁家园两室一厅家具家电齐全,1500,60O
,,,
万柏林千峰郡宇万象城,万象城二期 千峰南路 和平公园 万柏林二中,2000,120O
,,,
小店富士康城南都市嘉园,城南都市嘉园 简单装修 南北通透,1400,80O
,,,
,,,
,,,
万柏林滨河西路万水澜庭,万水澜庭 万科紫郡豪装两居特价房 房东急租中海寰宇 特价房,2600,90O
,,,
小店太榆路太原万科城,太榆路 万科城精装3就是 全新家具家电 可朋友同事合租 付款季付,2800,109O
,,,
小店经济技术开发区云特区,云特区 精装小公寓,1500,75O
,,,
万柏林长风西大街华润悦府,长风商务区 晋祠路 滨河西路 三居 空家 办公 带车位,5888,173O
,,,
小店人民路华荣小区,人民北路华荣小区出行方便可月付,1400,103O
,,,
小店学府街中辐院小区,体育路 学-府-街 中辐院 大两居 急租,2100,73O
,,,
小店平阳王村统建宿舍,长治路王村南街 精装两居 家具齐全 随时看房,2000,85O
,,,
小店体育南路龙海方舟花园,晋阳街 云水世纪明珠南 精装一居室 无 家具电齐全,1999,55O
,,,
小店长治路阳光银座,长风街长治路北美新天地阳光银座精装两居好房出租,2500,80O
,,,
小店长治路阳光银座,长风街长治路北美新天地阳光银座精装两居好房出租,2500,80O
,,,
小店长风万科紫台,好房特价出租 长风东街 美特好旁万科紫台 精装两居 居家之首,3000,93O
,,,
小店真武路太原恒大绿洲,电子街坞城南路富康街美都汇康苑雅居康宁街恒大商业,2500,120O
,,,
迎泽文庙新城南街中行宿舍,"租的安心,住的舒心",1800,74O
,,,
小店真武路太原恒大绿洲,电子街坞城南路富康街美都汇康苑雅居康宁街恒大商业,2200,98O
,,,
万柏林千峰郡宇万象城,万柏林万象城大平米毛坯低价出租随时看房,3500,240O
,,,
小店亲贤腾龙雅苑,茂业天地旁 腾龙雅苑精装3居室 价格可谈 可月付 拎包入住,3400,125O
,,,
万柏林下元商圈太原万科蓝山,万科物业直租万科蓝山 精装两居 拎包入住 品牌家具家电 舒适,2600,93O
,,,
小店昌盛街银河公寓,新月国际的房子 交通方便学校 地 商城,1400,63O
,,,
晋源义井兰亭御湖城,晋祠路 环境优美 交通便利 南北通透 拎包注入,1800,85O
,,,
万柏林漪汾漪汾苑,漪汾苑两居全家具家电二层南北房精装1666元每月急租,1666,58O
,,,
万柏林和平路和平苑,"和平北路 和平苑 精装 家电齐全 好楼层 租金低,南北通透 年付",1400,78O
,,,
小店长治路文华苑,长风街 长治路 文华苑 南北通透三居 中装齐全 随时看房 有钥匙,2700,107O
,,,
万柏林漪汾漪汾苑,漪汾苑凤凰双语三层南北通透客厅有窗户全家具能洗澡诚租,1400,55O
,,,
小店真武路汇丰丽城,正阳街 通达街 汇通丽城 幸福家园 昌盛公园 坞城南路,1600,92O
,,,
小店富士康城南都市嘉园,城南都市家园 户型好 采光好 诚心出租 看房方便,1667,95O
,,,
小店康宁街海棠家园,美特好附近海棠家园精装两居户型方正拎包入住看房方便,2100,99O
,,,
迎泽青年路湖滨丽景,整租丨青年路 迎泽公园 五中附近 柳巷 湖滨丽景 精品观景房,3800,110O
,,,
小店长风华德广场,长风街滨河东路 华德广场 精装三居 拎包入住 随时看房 交通便利,3000,"110O
            "
,,,
小店南中环锦绣苑小区,空家 住家办公均可 南中环 千禧锦绣苑 南北三居,2950,140O
,,,
,,,
,,,
小店经济技术开发区中铁十七局建筑公司家属楼,中铁十七局家属楼十七局医院,1200,65O
,,,
万柏林滨河西路滨河花苑,滨河西路 滨河花苑 3室2厅 精装 电梯 近,2900,110O
,,,
小店龙城大街新庄小区,新庄小区 家具家电齐全 三室两厅两卫 拎包入住,2000,120O
,,,
小店长治路新城市花园,出租南内环长治路经典家园嘉苑小区城市密码财富大厦随时看随时住,2400,70O
,,,
小店长治路城市密码,亲贤街长治路 阳光数码港 城市密码 精装复式2居 拎包入住 月付,2800,80O
,,,
杏花岭胜利街二机宿舍,"胜利街,二机宿舍,简单家具出行方便,随时看房",1350,56O
,,,
万柏林滨河西路南屯苑,单间 新晋祠路 格林花 梧桐院 晋阳峰Z 南屯苑多套单间,1100,55O
,,,
小店真武路太原恒大绿洲,恒大绿洲 学校 商城 地 公交,2700,100O
,,,
小店建设南路白云小区,建设南路 白云小区 南北四居室 可办公可做员工宿舍 有钥匙,2100,220O
,,,
小店康宁街漪汾仙庄小区,"康宁街,有公交,有地,有超市,交通方便,购物便捷",1500,64O
,,,
迎泽桃园南路山西省地震局宿舍,省地震局宿舍千峰南路新庄北街 拎包入住 家具家电齐全,2499,112O
,,,
小店真武路太原恒大绿洲,恒大绿洲 学校 商城 公交,2300,100O
,,,
小店南中环文锦世家,晋阳街 北美N1旁 文锦世家 精装2居 拎包入住随时看房,2500,113O
,,,
小店昌盛街坤泽十里城,坤泽十里城丨昌盛街坞城南路,1500,60O
,,,
迎泽老军营老军营西区,"三,37中,南内环",1650,60O
,,,
小店体育路亲贤苑,急租 学-府-街 体育路 亲贤苑 精装大两居 豪华装修 拎包入住,3000,100O
,,,
晋源晋阳湖梧桐院,格林花园!梧桐院 精装一居 全家具家电 随时看房,1700,"70O
            "
,,,
杏花岭府东府西兵工大院,水西门 兵工大院 家具家电齐全 交通便利,1200,50O
,,,
小店人民路小店4370厂宿舍,小店人民路小店十七局60平米2室1厅1卫,1200,60O
,,,
迎泽大南门东米市小区,柳巷铜锣湾食品街东米市小区三居室看房方便,2300,88O
,,,
小店人民路小店十二局宿舍,阳光芳汀通达街文化大厦万豪新天地坤泽十里真武路坞城南路,1250,66O
,,,
小店平阳君怡,晋阳街君怡 盛唐华彩 博雅书院 纳达大厦旁 欧式大两居随时看,2700,98O
,,,
迎泽柳巷金地公馆,柳巷大南门成成金地公馆一居室看房方便拎包住,1700,60O
,,,
小店昌盛街坤泽十里城,新月国际昌盛街人民路交叉口康宁街拎包入住,1666,70O
,,,
小店真武路太原恒大绿洲,真武路恒大绿洲东区三居室富康街拎包入住随时看房,2600,100O
,,,
小店龙城大街丽华甲第苑,拎包入住 坞城南路龙城大街工商学院财经大学丽华甲第苑精装两居,1600,90O
,,,
小店真武路世纪雅园,恒大绿洲西区,1200,70O
,,,
小店人民路阳光揽胜,阳光揽胜精装小3居室家具家电齐全急租,1500,96O
,,,
迎泽桃园北路桃园北路纺织大厦,大南门庙前迎泽大街水西关桃园路纺织厅外贸宿舍十五中天美名,1650,80O
,,,
,,,
,,,
迎泽南内环大营盘绝缘材料厂宿舍,南内环 两居室 1500 可月付 中等装修 家具齐全 看房方便 急租,1400,60O
,,,
小店亲贤佳地花园,无物业费 可月付 拎包入住带空调 亲贤街茂业佳地花园旁,2000,60O
,,,
小店北营颐龙佳园,"龙城大街,荣军医院旁,扒①xiao学旁,一层,可办公,2000元/月",2000,93O
,,,
小店康宁街天赐康缘,天赐康缘 业主着急出租 看房方便 非诚勿扰,2500,138O
,,,
小店平阳君怡,独门独户晋阳街平阳南路 君怡小区 博雅书院 北美N1一室一厅,1600,68O
,,,
迎泽迎泽其他商圈三监宿舍,三监宿舍 亲贤长风街建设路口 拎包入 精装三居室,2100,98O
,,,
小店昌盛街牛奶厂宿舍,昌盛街一中浦东经典附近牛奶厂宿舍停车方便干净整洁速度了,1200,86O
,,,
小店学府街翠竹小院,长风街平阳路 街长治路 两用 三室两厅两卫 北美阳光翠竹,4166,155O
,,,
小店真武路太原恒大绿洲,恒大绿洲一年2万8,2333,90O
,,,
小店晋阳街和泰花园,晋阳街 和泰花园 三室俩厅 采光好 木地板 卧室客厅都挺大,2350,139O
,,,
迎泽朝阳街太原刚玉砂轮小区,服装城郝庄正街刚玉砂轮厂精装大三居出租拎包入住房东刚搬走好房,1800,80O
,,,
小店长风汉唐官邸,茂业 汉唐官邸 周围王 府 井 梅园百盛 家具齐全,1199,45O
,,,
小店康宁街康宁小区综合楼,整租康宁家园两室一厅家具家电齐全,1500,60O
,,,
迎泽五一广场中银百合美地,整租丨迎泽大街 迎泽南街 百合美地鼎元时代可月付随时看房,2500,97O
,,,
小店学府街梅园新区,急租 体育路 煤炭医院 梅园新区 煤炭医院宿舍 高层 房屋一间,3750,203O
,,,
小店昌盛街牛奶厂宿舍,昌盛街与汾东路交口学校医院商场,1500,74O
,,,
小店南中环华鼎泰富,平阳路 君怡小区 两居齐全 拎包入住,2599,90O
,,,
迎泽大南门庙前小区,海边街 庙前小区 2室1厅 电梯 交通便利 近 中间层,1200,65O
,,,
小店真武路太原恒大绿洲,恒大绿洲东区两居室采光好部分家具可短租随时看房,2000,100O
,,,
小店并州南路御龙城合生创展,二营盘街合生御龙城 空家可住家办公会所 精装三居双卫 亲贤街,7000,205O
,,,
万柏林和平路太原国投国兴小区,长风西街 国投国兴小区 低价出租 拎包入住 采光好 交通便利,2500,136O
,,,
小店真武路太原恒大绿洲,丁香园的房子 交通便利 学校 商城,1500,70O
,,,
小店人民路康馨苑,康馨苑2室1厅1卫,1666,100O
,,,
小店康宁街欢乐林栖,康宁街欢乐林栖大二居家具家电都有,1700,100O
,,,
万柏林下元商圈太原万科蓝山,万科蓝山三居拎包可月付 房东急租和平南路富力现代 特价房,2800,101O
,,,
小店长风万科紫台,长风东街 双塔南路 万科紫台旁 精装空家两居 办公住家优选,2200,104O
,,,
万柏林下元商圈重机宿舍,万柏林重机48号院精装修拎包入住无物业费停车费,1800,90O
,,,
万柏林漪汾漪汾苑,漪汾苑两居全家具家电二层南北房精装1666元每月急租,1666,58O
,,,
迎泽双塔东西街建业小区,桃南小学跟前 海校宿舍,2800,98O
,,,
,,,
,,,
万柏林和平路化二建前一万山,长风西街和平南路 六十三中 两室南北通透 拎包即住,1600,70O
,,,
小店康宁街海棠家园,美特好附近海棠家园精装两居户型方正拎包入住看房方便,2100,99O
,,,
小店康宁街欢乐林栖,康宁街欢乐林栖大二居家具家电都有,1700,100O
,,,
迎泽水西关省地税局宿舍,水西门 韶九巷 商业职工医院宿舍 2室1厅 精装 领包入住,1700,90O
,,,
杏花岭胜利街嘉兴苑,嘉兴苑 2室2厅1卫,1800,97O
,,,
小店富士康城南逸居,丁香园 恒大绿洲 富康街 真武路,1400,76O
,,,
小店长治路新领地,繁华地带长风街长治路阳光银座文华苑北美大唐旁新领地精装两居,2900,98O
,,,
小店龙城大街龙城天悦,龙城大街 精装两居 家具家电齐全 新家次出租 年付20000,1650,85O
,,,
小店体育路君泰・中央公园,龙城北街 君泰公园 精装两居出租 图片真实随时看房,2600,110O
,,,
小店长治路新城市花园,长治路南内环口 新城市花园豪装 金典家园 城市密.码月付拎包,5500,"190O
            "
,,,
万柏林和平路十二院城,万科蓝山 精装三居 全家电 和平南路 长风西街 西中环路月付,2900,102O
,,,
万柏林千峰智诚天和园,漪汾街 千峰北路 智诚天和园 精装三居 干净整洁 房东随和 有钥匙,2100,125O
,,,
小店平阳金郡小区,可月付 长风街平阳路金郡小区 精装两居 拎包入住 交通便利,2600,90O
,,,
迎泽柳巷宝地小区,五一路 柳巷 铜锣湾 五一路小,2300,90O
,,,
小店真武路万豪新天地,整租 押一付一 真武路正规一室一厅 好房适合情侣蜗居,1300,50O
,,,
杏花岭胜利街永兴堡小区,胜利街 省机电院 工具厂 永兴堡两室一厅 拎包入住 押一付一,2300,97O
,,,
晋源晋祠都市e线,晋源 义井 16中 长风商务区 长风街 和平路 一居室 精装拎包入住,1400,50O
,,,
杏花岭三墙路城墙花园,城墙花园,1400,80O
,,,
迎泽朝阳街华宇朝阳小区,朝阳街服装城朝阳小区家电齐全低价出租交通便利拎包入住,1500,60O
,,,
小店平阳嘉隆明城,嘉隆明城 独立卫生间独立厨房 低价出租 出行方便,800,45O
,,,
迎泽朝阳街晨光上东,朝阳街服装城双塔北路南沙河精装修拎包入住低价出租交通便利,1800,60O
,,,
小店真武路太原恒大绿洲,小店区恒大绿洲两居出租有简单的床和沙发,2000,90O
,,,
小店亲贤太原茂业天地,茂业天地 办公 精装 北美 体育西路 亲贤北街,6800,165O
,,,
小店亲贤佳地花园,可月付 万厦枫景 精装两局拎包入住 亲贤街并州路佳地花园旁,2700,81O
,,,
晋源义井兰亭御湖城,长风商务区 南中环桥西 长兴南街 兰亭御湖城 两居 齐全 拎包入住,2300,90O
,,,
小店昌盛街坤泽十里城,坤泽十里城低价出租安全,750,35O
,,,
万柏林漪汾漪汾苑,漪汾苑两居中装南北房全家具能洗澡1500,1500,60O
,,,
杏花岭胜利街融田晶阁,融田晶阁精装两居室拎包入住,2200,120O
,,,
小店坞城农科院宿舍,陪读 九一 山大附 随时看房 长风街 坞城路 农科院宿舍,3000,100O
,,,
,,,
,,,
小店南中环文锦世家,月付精装一居晋阳街文锦世家拎包住,1200,36O
,,,
小店南中环国际大都会,南中环体育路 国际大都会 精装一居 拎包入住 随时看房 交通便利,1000,"40O
            "
,,,
小店昌盛街坤泽十里城,月付 公寓出租 昌盛街 坤泽十里城 拎包入住 停车方便,1500,55O
,,,
小店昌盛街坤泽十里城,急租 坤泽10里城精装三居室 小区环境好 可季度付 可月付,2200,112O
,,,
小店人民路华荣小区,人民北路华荣小区出行方便可月付,1400,103O
,,,
万柏林漪汾漪汾苑,漪汾街 漪汾苑 4层 精装两居 干净整洁 房东随和 看房方便 急租!,1400,60O
,,,
小店富士康小店四组小区,真武路富康街小店四组康宁大卖场万马仕底价出租看房方便价格可议,1000,50O
,,,
小店滨河东路小马花园,成熟小区一层出租 住家办公均可平阳路晋阳街 小马花园 精装两居,2400,120O
,,,
万柏林兴华兴华北小区,兴华街兴华北小区 精装朝南两居 带部家具家电 可拎包入住,1666,64O
,,,
万柏林长风西大街西部丽景,和平南路 西部丽景 拎包入住 采光好 低价出租 独立卫浴 精装修,1100,45O
,,,
小店康宁街漪汾仙庄小区,"康宁街,有公交,有地,有超市,交通方便,购物便捷",1500,64O
,,,
小店南中环中环水岸,南中环街平阳路中环水岸 空家可办公 清控 金色维也纳 大客厅,4500,184O
,,,
小店真武路太原恒大绿洲,丁香园的房子 交通便利 学校 商城,1500,70O
,,,
小店人民路小店粮食局宿舍,"人民路,有公交,有地,有学校,出行购物便捷",1500,90O
,,,
万柏林漪汾漪汾苑,漪汾街 漪汾苑 精装两居 干净整洁 拎包入住 房东随和 看房方便,1250,60O
,,,
小店许坦东西街东润国际,许坦东街东中环太榆路东润国际精装大俩居家具家电齐全拎包入住,1800,83O
,,,
万柏林长风西大街万科金域国际,整租 万科金域国际 两居室 精装修全南户型 家具家电全带,2300,92O
,,,
小店平阳恒实平阳景苑,亲贤街 平阳路口 平阳景苑 精装正规一居 全新婚房拎包入住,2800,70O
,,,
小店人民路康怡小区,小店区人民路康怡小区房屋低价急租,1800,110O
,,,
万柏林下元商圈太原万科蓝山,和平路 出行方便 生活圈成熟 拎包入住 精装修,2500,139O
,,,
杏花岭胜利街融田小区,"赛马场迎春街 东唐花园,精装空家两居室,小区环境好",2000,84O
,,,
小店长风半山国际,有钥匙 随时看房 长风东街 半山国际 别墅 豪华装修 会所,20000,500O
,,,
小店真武路晋港苑,康宁街万马仕 公交 地 学校,1250,98O
,,,
迎泽朝阳街世纪朝阳,朝阳街服装城精装修拎包入住家电齐全低价出租交通便利随时看房,1900,90O
,,,
小店康宁街天赐康缘,康宁街美特好 公交 商城,1450,106O
,,,
小店人民路阳光揽胜,小店正阳街阳光揽胜两居家具家电齐全出租,1666,88O
,,,
尖草坪胜利桥乾泽苑,胜利桥西 滨河西路 乾泽苑一期 精装两居室 全家具家电,1500,79O
,,,
小店体育路君泰・中央公园,晋阳街体育路 北美N1 龙海方舟 君泰公园 欧式三居 拉菲香榭 保利,2700,100O
,,,
杏花岭龙潭湖测绘局宿舍,低价出租温馨小屋 二室 心动的价格 心仪房 心动不如行动,1500,65O
,,,
,,,
,,,
杏花岭胜利街安金梧桐府,安金梧桐府一居室一个人的空间尽情畅享,1600,60O
,,,
晋源晋阳湖绿地世纪城,晋阳湖 长风商务区 绿地世纪城 会所办公 采光明亮,10000,300O
,,,
小店南中环文锦世家,整租晋阳街体育路南中环恒大华府北美N1文锦世家独立两居,2099,102O
,,,
小店学府街25公司社区宿舍,急租 学-府-街 体育路 中辐院旁 35公司宿舍 精装三居 拎包入住,2500,100O
,,,
杏花岭小东门教场巷汽修厂宿舍,山大二院 精装修 全家具家电 随时看房 可洗澡,2200,86O
,,,
小店人民路小店十二局宿舍,阳光芳汀通达街真武路坞城南路万豪新天地坤泽十里城,1100,66O
,,,
小店平阳君怡,君怡创新城 豪装两居 实验 高新区 景观360 博雅书院,2500,100O
,,,
小店康宁街康宁小区综合楼,整租康宁家园两室一厅家具家电齐全,1500,60O
,,,
小店建设南路白云小区,建设南路 白云小区 南北四居室 可办公可做员工宿舍 有钥匙,2100,220O
,,,
迎泽大南门庙前小区,大南门 庙前小区 2室1厅 繁华地段 交通便利,1600,63O
,,,
小店世纪家园,并州南路 亲贤北街 世纪家园 精装两居 拎包,3200,106O
,,,
小店平阳君怡,交通便利拎包入住 高新区平阳路晋阳街华鼎博雅君怡小区精装两居,2400,100O
,,,
万柏林千峰郡宇万象城,万象城 家具家电齐全 拎包入住 千峰路新庄北街口,1799,113O
,,,
小店真武路太原恒大绿洲,真武路恒大绿洲东区三居室富康街拎包入住随时看房,2600,100O
,,,
小店滨河东路银海水韵,办公首先南中环滨河东路清控创新基地银海水韵南北通透精装大四居,4000,210O
,,,
杏花岭赛马场七一机械厂宿舍,"东中环,金林家园旁,七一机械厂中间楼层,简单家具。",1100,65O
,,,
小店真武路太原恒大绿洲,全明户型朝南两居可自住亦可办公,2200,120O
,,,
小店晋阳街云水世纪明珠项目,晋阳街体育路 北美n1附近 精装两居拎包入住 急租,3300,100O
,,,
小店北营颐龙佳园,颐龙佳园 温馨三居室 精装修 欢迎入住,2000,125O
,,,
小店平阳君怡,高新区晋阳街省实验 华鼎泰富 君怡小区精装三居,2900,120O
,,,
迎泽朝阳街东山雅居,服装城朝阳街东峰路东山雅居4室1厅1卫家具家电齐全拎包入住,2500,125O
,,,
小店龙城大街龙城2011,龙城2011 龙城大街+黄陵村口 荣军医院旁,2000,108O
,,,
万柏林漪汾漪汾苑,漪汾街 漪汾苑 4层 精装两居 干净整洁 房东随和 看房方便 急租!,1400,60O
,,,
小店亲贤腾龙雅苑,精装修 亲贤街茂业天地腾龙雅苑 精装两居 拎包入住 停车方便,2900,100O
,,,
小店学府街建校宿舍,街 建校宿舍 3层2居 拎包入住 随时看房,2500,70O
,,,
小店富士康城南都市嘉园,"城南都市嘉园,采光好,随时看房",2000,90O
,,,
小店人民路小店十二局宿舍,阳光芳汀通达街文化大厦万豪新天地坤泽十里真武路坞城南路,1100,66O
,,,
小店长风亲海国际,亲海国际 高层电梯房 家具家电齐全、随时看房 拎包入住,1510,50O
,,,
万柏林下元商圈太原万科蓝山,万科蓝山三居房东急租 特价房长风西街停车方便万科金域,2800,102O
,,,
,,,
,,,
小店昌盛街坤泽十里城,昌盛街 坤泽十里城 精装修 拎包入住 全采光 小区绿化,2000,107O
,,,
万柏林漪汾漪汾苑,漪汾街 漪汾苑 2层 精装两居 干净整洁 看房方便 房东好说话 急租,1600,60O
,,,
小店长风财贸学校宿舍,低价出租 长风街 学-府-街 财贸宿舍 精装三居 住家拎包入住,2500,80O
,,,
小店学府街中辐院小区,体育路 中辐院西区 煤炭医院 公园旁 2居,2000,60O
,,,
小店人民路世纪花园,人民路北路交通方便随时看房小区环境干净周边配套齐全,1666,130O
,,,
杏花岭龙潭湖鸿升龙潭公馆,鸿升龙潭公馆大四居适宜养生会所美容会所精装,5500,"180O
            "
,,,
小店人民路华荣小区,"人民北路,康宁街地站旁边,周边有公交,有医院,配套齐全",1833,100O
,,,
小店经济技术开发区中铁十七局建筑公司家属楼,"人民北路,周边配套齐全,有公交,有超市,出行购物方便",2000,102O
,,,
小店人民路中世汇源,电子街富康街真武西路颐园街恒大绿洲西区,1666,126O
,,,
万柏林漪汾漪汾苑,漪汾街 漪汾苑 精装三居 干净整洁 拎包入住 房东随和 看房方便,2000,90O
,,,
小店真武路太原恒大绿洲,电子街 坞城南路 富康街 美都汇 康苑雅居 康宁街 恒大商业,2600,90O
,,,
迎泽柳巷宝地小区,五一路 柳巷 铜锣湾 五一路小,2300,90O
,,,
小店真武路太原恒大绿洲,恒大绿洲东区两居可月付有家具照片真实,2200,98O
,,,
杏花岭三墙路北大街中社区,五一路北大街西社区 3层南北 家里中等装修 可半年付,1700,90O
,,,
小店康宁街晋阳紫城,"富康街,有公交,有地,有学校,有超市,出行购物方便",1916,98O
,,,
杏花岭胜利街胜景天地,胜利街 解放路 高层胜景天地 全壁纸两室一厅 拎包入住可月付,2100,88O
,,,
小店长治路大唐长风,急租 体育西路 长治路 大唐长风 精装两居 家具家电齐 拎包入住,2700,90O
,,,
小店人民路小店十二局宿舍,阳光芳汀通达街文化大厦万豪新天地坤泽十里真武路坞城南路,1250,66O
,,,
小店人民路康馨苑,可月付恒大绿洲旁康馨苑世纪雅苑精装一居,999,45O
,,,
小店人民路小店4370厂宿舍,小店人民路小店十七局60平米2室1厅1卫,1200,60O
,,,
小店人民路小店粮食局宿舍,"人民路,有公交,有地,有学校,出行购物便捷",1500,90O
,,,
晋源晋阳湖绿地世纪城,晋阳湖 长风商务区 绿地世纪城 会所办公 采光明亮,10000,300O
,,,
小店康宁街天赐康缘,精装修拎包入住带家具家电,2000,113O
,,,
小店长治路文华苑,长风街 长治路 文华苑E区 专属 精装两居 居然之家旁边 可,3200,97O
,,,
小店康宁街福海苑,"康宁街,美特好旁边,周边配套齐全,出行购物方便",1500,100O
,,,
小店真武路太原恒大绿洲,丁香园小区停车免费幼儿园大型商场欢迎骚扰,1599,69O
,,,
小店龙城大街龙城新居,龙城大街 龙城新居 两居室 家电齐全 龙城2011 黄陵村,1800,81O
,,,
小店人民路阳光揽胜,育才小店人民南路阳光揽胜精装两居室楼层高采光,1799,90O
,,,
万柏林迎泽西大街西华苑,西华苑三期 精装修 拎包入住 南北通透 家电齐全,1600,112O
,,,
,,,
,,,
小店真武路太原恒大绿洲,恒大绿洲南北通透精装两居室采光好部分家具随时看房,2100,100O
,,,
小店真武路汇通丽城,两居经济房家具齐全拎包入住,1300,70O
,,,
迎泽文庙东安商务,"东安路,大两居,价位低",1300,70O
,,,
小店人民路小店粮食局宿舍,粮食局宿舍 90平米 一个月1500,1500,90O
,,,
小店体育南路坞城世纪花园,急租 体育路 学-府-街 许坦西街 坞城世纪高层 精装两居,2500,95O
,,,
小店体育南路坞城世纪花园,学-府-街 体育路 坞城世纪花苑高层 大两居 精装,2500,100O
,,,
小店长风泰华城市广场,繁华地段交通便利平阳路长风街平阳景苑金郡泰华广场朝南精装两居,2900,110O
,,,
小店人民路华荣小区,人民北路华荣小区出行方便可月付,1400,103O
,,,
小店人民路浦东雅典,浦东雅典精装1居室家具家电齐全真实图片,1800,60O
,,,
万柏林漪汾漪汾苑,漪汾苑两居全家具家电南北房1250每月拎包住诚租急租,1250,55O
,,,
小店昌盛街浦东经典家园,整租月付 无押金 昌盛西街浦东经典 精装一居室 随时看房,1000,30O
,,,
小店长风福鑫苑小区,新上房源 长风街长治路 福鑫苑 南北三居 可做员工宿舍 可办公,3500,"153O
            "
,,,
小店人民路兴武小区,小店三种旁实验晓学南北通透拎包入住兴武小区昌盛街人民路真武路,2000,130O
,,,
小店人民路阳光揽胜,阳光揽胜精装2局空家出租随时看房,1200,85O
,,,
迎泽双塔东西街中正悦湾,朝阳街服装城拎包入住家电齐全低价出租交通便利随时看房,2400,90O
,,,
万柏林千峰郡宇万象城,万象城2期 2室空家 便宜出租 千峰南路,1700,114O
,,,
小店人民路小店十二局宿舍,阳光芳汀通达街文化大厦万豪新天地坤泽十里真武路坞城南路,1250,66O
,,,
小店真武路太原恒大绿洲,恒大绿洲东区精装修三室家里干净采光好手慢无,2000,122O
,,,
万柏林漪汾漪汾苑,漪汾街 漪汾苑 4层 精装两居 干净整洁 房东随和 看房方便 急租!,1400,60O
,,,
小店人民路兴武小区,小店区人民北路昌盛西街丨兴武小区丨电约随时看房,2000,130O
,,,
小店昌盛街坤泽十里城,坤泽十里城,2000,125O
,,,
小店康宁街自由度,自由度 空置房 两室一厅,2000,93O
,,,
小店长治路南环国际名邸,"南内环,解放路口,国际名邸,精装公寓合租房,付款灵活拎包入住",800,30O
,,,
小店真武路太原恒大绿洲,恒大绿洲小区环境优美 设施齐全 豪华装修,2800,100O
,,,
小店晋阳街云水世纪明珠项目,"晋阳街云水世纪明珠诚心出租间 精装 可月付可月付,",1400,62O
,,,
小店真武路太原恒大绿洲,恒大绿洲环境优美 交通便利,3000,98O
,,,
小店人民路阳光揽胜,阳光揽胜精装小3居室家具家电齐全急租,1500,96O
,,,
小店真武路太原恒大绿洲,恒大绿洲东区精装修三室家里干净采光好手慢无,2000,122O
,,,
迎泽柳巷海边街交通局宿舍,水西门 西海街小区 采光好 近 交通便利,1300,64O
,,,
,,,
,,,
小店康宁街晋阳紫城,"富康街,有公交,有地,有学校,有超市,出行购物方便",1916,98O
,,,
杏花岭半坡东西街半坡西街农行宿舍,府西街 半坡西街12号院 采光好 近 精装,1500,55O
,,,
小店真武路太原恒大绿洲,真武路恒大绿洲东区三居室富康街拎包入住随时看房,2600,100O
,,,
小店平阳君怡,小店区 精装一居空调房 平阳路景阳街 君怡小区 华鼎大医院,2100,70O
,,,
小店人民路浦东雅典,浦东雅典朝南两居精装修拎包入住水电暖齐全,1500,88O
,,,
小店人民路中世汇源,电子街富康街真武西路颐园街恒大绿洲西区,1666,126O
,,,
杏花岭敦化坊金林佳园,"敦化南路,金林佳园,简单家具,。",1200,60O
,,,
小店康宁街漪汾仙庄小区,漪汾仙庄小区,2500,146O
,,,
迎泽桥东街山西省医药公司住宅小区,省人民医院附近租房子 东岗路 精装二室 家电齐全 拎包入住,2000,701O
,,,
小店长治路龙兆远景,长治路龙兆远景 精装大两居 王 府井茂业百盛 拎包可住,2500,92O
,,,
小店真武路太原恒大绿洲,真武路恒大绿洲东区三居室富康街拎包入住随时看房,2600,100O
,,,
小店人民路浦东雅典,浦东雅典育才,1500,58O
,,,
小店富士康警苑小区,"富士康,周边配套齐全,有公交,交通便利",2000,110O
,,,
小店人民路康馨苑,康馨苑2室1厅1卫,1666,100O
,,,
万柏林西客站德馨花园,迎泽大街 德馨合租房 朝南户型 家里干净 随时看房 付款灵活急租,1200,35O
,,,
小店富士康康宁美郡,康宁街真武路口小店二组小区二居室,1666,92O
,,,
小店平阳君怡,平阳路晋阳街 华鼎泰富 君怡豪三居南北通 博雅书院 山西大医院,2300,114O
,,,
小店真武路太原恒大绿洲,电子街坞城南路富康街美都汇康苑雅居康宁街恒大商业,2800,100O
,,,
小店人民路兴武小区,"实验附近南北通透,精装修拎包入住出行方便",2200,120O
,,,
小店幸福香寓,九一附近交通方便,1500,60O
,,,
小店龙城大街丽华甲第苑,带车位空家出租 坞城南路龙城大街 丽华甲第苑 南北通透精装三居,3000,170O
,,,
万柏林漪汾漪汾苑,漪汾苑大三居南北房全家具家电五层中装2000诚租,2000,85O
,,,
迎泽水西关水西关省委宿舍,迎泽大街水西关桃园路省委省宿舍停车方便财政厅三十中,1800,85O
,,,
尖草坪北宫涧河花园,北宫 涧河路 龙城花园小区 高层两居室 拎包入住 可月付面议,1450,78O
,,,
小店长风半山国际,东山绿地半山国际花园独栋别墅前后院 6室5厅5卫有钥匙 随时,7999,500O
,,,
小店长治路文兴苑,街平阳路长风街长治路 精装一居北美新天地 阳光银座,1666,50O
,,,
杏花岭府东府西国师街能源宿舍,典善所 新道街 国师街 18中小户型,1200,37O
,,,
小店真武路世纪雅园,世纪雅园整租2室1厅1卫100平米,2000,100O
,,,
小店体育南路恒大华府,体育南路 恒大华府 可办公 精装3居空家,5500,188O
,,,
,,,
,,,
小店坞城绿军苑,好楼层 绿军院 精装修 齐全 南北通透 三居,2500,100O
,,,
小店康宁街晋阳紫城,"富康街,有公交,有地,有学校,有超市,出行购物方便",1916,98O
,,,
小店龙城大街龙城2011,龙城2011 八一xiao学 山西大医院北营荣军医院 温馨两居,2000,106O
,,,
万柏林漪汾漪汾苑,漪汾街 漪汾苑 2层 精装三居 干净整洁 房东随和 看房方便 急租!,1800,75O
,,,
小店学府街学府小区,街艺苑精装修可办公配套齐全随时看房,2600,104O
,,,
小店北营颐龙佳园,颐龙家园 实惠楼梯房 空家 普国电子城旁,1600,90O
,,,
小店康宁街康宁小区综合楼,康宁小区 楼层好 采光好 交通方便,1500,88O
,,,
小店真武路太原恒大绿洲,恒大绿洲东区精装修三室家里干净采光好手慢无,2000,122O
,,,
小店真武路晋港苑,康宁街.万马市(晋港苑)精装3居 拎包入住 随时看房,1699,120O
,,,
万柏林和平路太原国投国兴小区,"大三居室 低价住好房 即刻看现房 房间干净整洁,值得入住",2200,115O
,,,
小店人民路浦东雅典,人民南路育才4370厂114附近浦东雅典一居室干净,1168,65O
,,,
小店昌盛街坤泽十里城,坤泽十里城丨昌盛街坞城南路,1500,60O
,,,
小店昌盛街汇丰国际,汇通丽城昌盛街人民路,700,50O
,,,
小店体育南路北美金棕榈,体育路 北美楼上 云水世纪明珠北 精装两居 家具家电齐全,2750,92O
,,,
小店人民路浦东雅典,小店浦东雅典南北通透三居室低价出租,1600,120O
,,,
迎泽柳巷新城住宅小区,"新城街小区,精装修,随时看房,拎包入住",1500,60O
,,,
小店龙城大街龙瑞苑,拎包住平阳路龙城大街山西大医院华鼎泰富龙瑞苑整租朝南豪装三居,2200,130O
,,,
小店晋阳街云水世纪明珠项目,晋阳街 云水世纪明珠 北美八一九一实验三中君威 精装两居齐全,2500,98O
,,,
小店人民路小店十二局宿舍,阳光芳汀通达街真武路坞城南路万豪新天地坤泽十里城,1100,66O
,,,
小店人民路阳光揽胜,阳光揽胜精装小3居室家具家电齐全急租,1500,96O
,,,
万柏林漪汾漪汾苑,漪汾街 漪汾苑 精装三居 干净整洁 房东好说话 看房方便 有钥匙!,2000,95O
,,,
小店富士康警苑小区,"富士康,周边配套齐全,有公交,交通便利",1800,110O
,,,
小店真武路太原恒大绿洲,丁香园小区停车免费幼儿园大型商场欢迎骚扰,1599,69O
,,,
小店长治路嘉苑小区,长治路 嘉苑小区 家里宽敞明亮 家具齐全 拎包入住,1499,45O
,,,
小店长治路文华苑,长风街平阳路 文华苑 南北通透 精装三居 拎包入住 随时看房,2700,107O
,,,
小店昌盛街坤泽十里城,坤泽十里城昌盛街人民路通达街真武路康宁街富士康海棠家园坞城路,1666,93O
,,,
万柏林长风西大街西部丽景,押一付一租房西部丽景特价房 和平南路万科蓝山 交通方便,2100,84O
,,,
小店平阳君怡,房东自住高新区南中环平阳路晋阳街北美博雅君怡小区精装南北三居,2500,120O
,,,
小店滨河东路滨东花园,滨东花园 盘 二层 办公 空家 长风街 滨河东路4个空调,3000,150O
,,,
,,,
,,,
小店人民路阳光揽胜,"正阳街,周边有公交, 配套齐全,出行购物方便",2200,126O
,,,
小店昌盛街牛奶厂宿舍,汾东南路 小店区一中 小店区人民医院 佳欣尚品 汇丰国际,1500,90O
,,,
小店真武路太原恒大绿洲,恒大绿洲东区两居可月付有家具照片真实,2200,98O
,,,
小店人民路兴武小区,小店三种旁实验晓学南北通透拎包入住兴武小区昌盛街人民路真武路,2000,130O
,,,
小店康宁街欢乐林栖,康宁街欢乐林栖大二居家具家电都有,1700,100O
,,,
小店人民路兴武小区,小店三种旁实验晓学南北通透拎包入住兴武小区昌盛街人民路真武路,2000,130O
,,,
小店长风绿地卢浮公馆,长风东街绿地半山国际卢浮公小洋房馆大平层适用于办公 婚纱摄影,4500,212O
,,,
小店人民路康怡小区,"地段好,出行方便,有简单家具家电",2100,100O
,,,
小店真武路太原恒大绿洲,恒大绿洲东区两居可月付有家具照片真实,2200,98O
,,,
小店长治路文华苑,长风街 长治路 文华苑 南北通透三居 中装齐全 随时看房 有钥匙,2700,107O
,,,
小店龙城大街新庄小区,黄陵路 新庄小区 荣军医院宿舍 三居室 无物业费,2000,138O
,,,
小店龙城大街丽华甲第苑,带车位空家出租 坞城南路龙城大街 丽华甲第苑 南北通透精装三居,3000,170O
,,,
小店康宁街海棠家园,美特好附近海棠家园精装两居户型方正拎包入住看房方便,2100,99O
,,,
小店长治路文华苑,长风街长治路 文华苑 精装两居 家具家电齐全 拎包入住 随时看房,2700,125O
,,,
迎泽文庙新城南街中行宿舍,"新城南街,拎包入住.大一居",1200,35O
,,,
小店昌盛街浦东经典家园,整租月付 无押金 昌盛西街浦东经典 精装一居室 随时看房,1000,30O
,,,
小店长治路新城市花园,南内环长治路王村南街茂业梅园新城市花园精装一居领包入住,1400,55O
,,,
小店富士康富士康园,富世康园 唐槐路与庆云杰交口 公交 商城,1750,60O
,,,
小店人民路中世汇源,电子街富康街真武西路颐园街恒大绿洲西区,1666,126O
,,,
小店太榆路太原师范学校黄陵南校区宿,太原师范学校黄陵南校区宿舍3室1厅1卫,2000,104O
,,,
小店南中环南中环北张小区,南中环北张小区合租次卧性别不限,1000,75O
,,,
迎泽双塔东西街新视界,新视界2室1厅1卫,1200,96O
,,,
迎泽双塔东西街新视界,新视界1室1厅1卫,770,58O
,,,
晋源晋阳湖湖滨文锦苑,湖滨文锦苑3室2厅1卫,1400,115O
,,,
杏花岭府东府西桃园一巷市政宿舍,杏花岭府东府西桃园一巷市政宿舍 56平米2室1厅1卫,1600,56O
,,,
万柏林长风西大街军景苑小区,万柏林长风西大街军景苑小区 142平米3室1厅2卫,2300,142O
,,,
小店龙城大街恒大未来城,恒大未来城1室1厅1卫,2000,40O
,,,
小店滨河东路长风小区,长风小区3室2厅1卫,2789,86O
,,,
万柏林迎泽西大街蓝水假日,蓝水假日 整租 3室2厅1卫 136平米(个人),3000,136O
,,,
,,,
,,,
万柏林漪汾漪汾苑*外国语*南200,万柏林漪汾漪汾苑*外国语*62平米2室1厅1卫,1450,62O
,,,
小店滨河东路长风小区,长风小区合租主卧,950,30O
,,,
杏花岭三墙路丽泽苑,丽泽苑1室1厅1卫,800,62O
,,,
迎泽双塔东西街菜园苑,菜园苑2室1厅1卫,1200,94O
,,,
迎泽双塔东西街菜园苑,菜园苑1室1厅1卫,700,59O
,,,
万柏林千峰河西建行宿舍,河西建行宿舍3室1厅1卫,2000,96O
,,,
杏花岭五龙口鑫四海花园,鑫四海花园1室1厅1卫,770,58O
,,,
杏花岭五龙口鑫四海花园,鑫四海花园2室1厅1卫,1250,99O
,,,
迎泽老军营林业厅老军营小区,迎泽老军营林业厅老军营小区 75平米2室1厅1卫,2000,75O
,,,
万柏林和平路太原国投国兴小区,太原国投国兴小区2室1厅1卫,1100,95O
,,,
小店体育南路开元北小区,开元北小区 整租 3室2厅1卫 128平米(个人),3500,128O
,,,
迎泽五一广场迎泽园满洲坟,迎泽园满洲坟 整租 3室2厅1卫 110平米(个人),2500,110O
,,,
小店长治路文华苑,文华苑 整租 3室2厅1卫 102平米(个人),3200,102O
,,,
小店人民路小店区政府宿舍,小店区政府宿舍2室1厅1卫,1300,80O
,,,
小店平阳太原保利香槟国际,太原保利香槟国际 整租 3室2厅2卫 120平米(个人),3000,120O
,,,
迎泽文庙新城南街小区,新城南街小区 整租 2室1厅1卫 60平米(个人),1350,60O
,,,
小店长风恒大山水城,恒大山水城4室2厅2卫,3000,170O
,,,
小店人民路太原市小店浦东雅典,小店人民路太原市小店浦东雅典 88平米2室1厅1卫,1700,88O
,,,
晋源晋祠圣湖观澜国际,圣湖观澜国际2室2厅1卫,2200,101O
,,,
小店龙城大街龙城天悦,龙城天悦 整租 2室2厅1卫 86平米(个人),1700,86O
,,,
迎泽青年路青年路东陵里煤炭设计院宿,青年路东陵里煤炭设计院宿舍1室0厅1卫,650,20O
,,,
尖草坪北宫太原市尖草坪龙城小区,尖草坪北宫太原市尖草坪龙城小区 44平米1室1厅1卫,1000,44O
,,,
杏花岭五龙口煤机宿舍,煤机宿舍3室2厅1卫,1700,106O
,,,
小店平阳太原市第四军区干休所宿舍,太原市第四军区干休所宿舍4室2厅2卫,4100,200O
,,,
杏花岭大东关大东关北辰明苑,大东关北辰明苑2室1厅1卫,2000,95O
,,,
杏花岭旱西关旱西关环卫局宿舍,旱西关环卫局宿舍 整租 2室2厅1卫 80平米(个人),2000,80O
,,,
万柏林千峰漪汾苑(太原外国语旁边),漪汾苑太原外国语及太原凤凰双语旁及太原*旁边,1400,60O
,,,
杏花岭五一路五一北路燃料公司宿舍,五一北路燃料公司宿舍2室1厅1卫,1500,75O
,,,
杏花岭五一路精营东二道巷交行宿舍,精营东二道巷交行宿舍1室1厅1卫,1400,40O
,,,
,,,
,,,
万柏林迎泽西大街迎泽西大街,迎泽西大街1室1厅1卫,1100,58O
,,,
小店许坦东西街紫藤苑,紫藤苑3室2厅1卫,1700,120O
,,,
小店龙城大街恒大未来城,恒大未来城2室2厅2卫,2100,44O
,,,
杏花岭五龙口五龙花园,五龙花园南北一居室诚意出租,400,43O
,,,
小店南中环金辉小区,小店南中环金辉小区 2户合租110平米房间干净采光好,1450,110O
,,,
杏花岭赛马场杨家峪东煤宿舍,杨家峪东煤宿舍 64平米2室1厅,1200,64O
,,,
万柏林长风西大街梅园千锋,梅园千锋 整租 3室2厅2卫 152平米(个人),2600,152O
,,,
杏花岭府东府西桃园一巷科技厅宿舍,桃园一巷科技厅宿舍 整租 3室2厅1卫 77平米(个人),1850,77O
,,,
小店长治路文华苑F区,文华苑F区 整租 3室2厅1卫 125平米(个人),3500,125O
,,,
万柏林千峰千峰南路西岸,万柏林千峰千峰南路西岸 81平米1室2厅1卫,1600,81O
,,,
杏花岭半坡东西街太原半坡西街小区,杏花岭半坡东西街太原半坡西街小区 75平米3室1厅1卫,1600,75O
,,,
万柏林迎泽西大街龙腾名邸,万柏林迎泽西大街龙腾名邸 94平米2室1厅1卫,2200,94O
,,,
杏花岭赛马场紫霞苑,紫霞苑2室1厅1卫,1300,95O
,,,
迎泽柳巷柳南小区,柳南小区2室1厅1卫,1600,76O
,,,
万柏林兴华兴华北小区,万柏林兴华兴华北小区 60平米2室1厅,1350,60O
,,,
杏花岭国樾龙城湾,国樾龙城湾2室1厅1卫,1500,70O
,,,
杏花岭敦化坊北中环国樾龙城湾,杏花岭敦化坊北中环国樾龙城湾 70平米2室1厅1卫,1500,70O
,,,
杏花岭龙潭湖小新街回迁楼,杏花岭小新街 60平米2室1厅1卫,1300,"60O
            "
,,,
小店亲贤腾龙雅苑,腾龙雅苑 合租 床位136平米3室2厅2卫限女生,400,136O
,,,
杏花岭敦化坊北河湾铁路宿舍,北河湾铁路宿舍2室1厅1卫,1700,74O
,,,
杏花岭胜利街德祥6院,德祥6院3室2厅2卫,2800,135O
,,,
晋源义井富嘉园,富嘉园 整租 3室2厅1卫 121平米(个人),3000,121O
,,,
万柏林千峰千峰南路,"千峰南路三室一厅,*理工大",2200,120O
,,,
万柏林滨河西路万水澜庭,万水澜庭1室0厅1卫,1300,40O
,,,
万柏林滨河西路万水澜庭,万水澜庭1室0厅1卫,1000,35O
,,,
万柏林下元商圈三晋绿苑,三晋绿苑1室0厅1卫,800,30O
,,,
万柏林滨河西路万水澜庭西区,万水澜庭西区1室0厅1卫,1200,35O
,,,
万柏林滨河西路万水澜庭西区,万水澜庭西区1室0厅1卫,1250,35O
,,,
万柏林漪汾漪汾苑小区,漪汾苑小区2室1厅1卫,1500,60O
,,,
,,,
,,,
迎泽水西关水西关电科院宿舍,水西关电科院宿舍3室1厅1卫,1950,85O
,,,
晋源义井义井和平苑,义井和平苑 整租 3室2厅1卫 110平米(个人),2200,110O
,,,
小店平阳安置小区,安置小区家具家电齐全,400,78O
,,,
小店长风鑫福华园,鑫福华园2室2厅1卫,2000,81O
,,,
尖草坪胜利桥滨西花园,滨西花园2室1厅1卫,1600,100O
,,,
小店长治路王府花园,王府花园合租主卧4室2厅2卫性别不限,750,30O
,,,
万柏林迎泽西大街华清苑,万柏林迎泽西大街华清苑 104平米3室2厅1卫,1500,104O
,,,
小店亲贤亲贤街腾龙苑,亲贤街腾龙苑 合租 床位40平米1室1厅限女生,450,40O
,,,
万柏林西客站玉门花园,玉门花园2室2厅1卫,1300,85O
,,,
杏花岭北大街胜利桥东区委宿舍,杏花岭北大街胜利桥东区委宿舍 67平米2室1厅1卫,1400,67O
,,,
迎泽桃园南路新建南路商业厅宿舍,新建南路商业厅宿舍2室2厅1卫,1600,71O
,,,
万柏林下元商圈太原万科蓝山,太原万科蓝山 整租 4室2厅2卫 163.8平米(个人),3500,164O
,,,
小店人民路小店新月国际,小店新月国际 整租 2室2厅1卫 108平米(个人),2000,"108O
            "
,,,
迎泽并州北路青年路口迎泽苑小区,迎泽并州北路青年路口迎泽苑小区 150平米4室,699,"150O
            "
,,,
小店恒大绿洲西区,恒大绿洲西区3室2厅1卫,2750,100O
,,,
万柏林和平路漫香堤,漫香堤3室2厅1卫,2300,120O
,,,
迎泽朝阳街松庄水峪花园,松庄水峪花园2室2厅1卫,1450,80O
,,,
小店平阳平阳路农行宿舍,平阳路农行宿舍 整租 3室2厅1卫 135平米(个人),3200,135O
,,,
小店平阳育翠苑,房东直租 3房2卫 可办公可住家 停车方便 随身看房,2800,131O
,,,
万柏林漪汾漪汾苑小区,万柏林漪汾漪汾苑小区 62平米2室1厅1卫,1440,62O
,,,
迎泽南内环新秀园小区,新秀园小区3室1厅1卫,2300,80O
,,,
万柏林漪汾漪汾苑,漪汾苑2室1厅1卫,1250,60O
,,,
迎泽南内环新秀园小区,新秀园小区3室1厅1卫,2300,80O
,,,
迎泽老军营老军营北区,迎泽老军营老军营北区 60平米2室1厅1卫,2500,60O
,,,
迎泽五一广场迎泽区迎泽园小区,迎泽园小区 40平米1室1厅1卫,1000,40O
,,,
万柏林和平路香悦澜溪,香悦澜溪 整租 3室2厅2卫 130平米(个人),2500,130O
,,,
万柏林漪汾北美枫情,万柏林漪汾街北美枫情 96.5平米2室2厅1卫,2700,96O
,,,
晋源义井兰亭御湖城,兰亭御湖城3室2厅1卫,2500,90O
,,,
杏花岭龙潭湖小新街,杏花岭龙潭湖小新街 60平米2室1厅1卫,1350,"60O
            "
,,,
,,,
,,,
小店昌盛街坤泽十里城,坤泽十里城2室2厅1卫,1900,77O
,,,
小店长风北美新天地,北美新天地 合租 次卧35平米3室2厅2卫性别不限,1200,35O
,,,
万柏林迎泽西大街迎泽桥西,万柏林迎泽西大街迎泽桥西 64平米2室1厅1卫,1450,64O
,,,
小店人民路浦东雅典,浦东雅典3室1厅1卫,2300,100O
,,,
小店学府街平阳路前进社区宿舍,平阳路前进社区宿舍采光好干净整洁,400,62O
,,,
万柏林下元商圈重机宿舍,万柏林下元商圈重机宿舍 70平米2室1厅1卫,1450,70O
,,,
小店许坦东西街许坦东街颐和家园,许坦东街颐和家园 102平米电梯房出租,1800,102O
,,,
迎泽柳巷景观新贵豪庭,景观新贵豪庭2室1厅1卫,2500,80O
,,,
迎泽柳巷庙前大隐,庙前大隐采光好干净整洁,400,54O
,,,
杏花岭富力城五期辰栖谷,富力城五期辰栖谷1室1厅1卫,1700,64O
,,,
万柏林下元商圈煤气化大西区,煤气化大西区 整租 2室1厅1卫 75平米(个人),1700,75O
,,,
杏花岭龙潭湖金刚里小区,金刚里小区合租次卧3室1厅1卫限女生,350,10O
,,,
迎泽并州东西街鸿辰自由空间,鸿辰自由空间2室1厅1卫,1800,83O
,,,
万柏林和平路华龙苑,华龙苑合租次卧1室1卫性别不限,550,20O
,,,
迎泽朝阳街太原市迎泽区郝庄乡朝阳社,非诚勿扰,1000,68O
,,,
小店康宁街宁达盛世,小店康宁街宁达盛世 140平米3室2厅2卫,1700,"140O
            "
,,,
万柏林西客站九院住宅小区,九院住宅小区2室2厅1卫,1100,75O
,,,
迎泽青年路团省委,团省委 整租 2室1厅1卫 60平米(个人),1900,60O
,,,
小店并州南路并州路省安装公司宿舍,并州路省安装公司宿舍 整租 2室0厅1卫 50平米(个人),1500,50O
